-- --------------------------------------------------------
-- 호스트:                          127.0.0.1
-- 서버 버전:                        10.6.4-MariaDB - mariadb.org binary distribution
-- 서버 OS:                        Win64
-- HeidiSQL 버전:                  11.3.0.6295
-- --------------------------------------------------------

/*!40101 SET @OLD_CHARACTER_SET_CLIENT=@@CHARACTER_SET_CLIENT */;
/*!40101 SET NAMES utf8 */;
/*!50503 SET NAMES utf8mb4 */;
/*!40014 SET @OLD_FOREIGN_KEY_CHECKS=@@FOREIGN_KEY_CHECKS, FOREIGN_KEY_CHECKS=0 */;
/*!40101 SET @OLD_SQL_MODE=@@SQL_MODE, SQL_MODE='NO_AUTO_VALUE_ON_ZERO' */;
/*!40111 SET @OLD_SQL_NOTES=@@SQL_NOTES, SQL_NOTES=0 */;


-- shop 데이터베이스 구조 내보내기
DROP DATABASE IF EXISTS `shop`;
CREATE DATABASE IF NOT EXISTS `shop` /*!40100 DEFAULT CHARACTER SET utf8mb3 */;
USE `shop`;

-- 테이블 shop.category 구조 내보내기
DROP TABLE IF EXISTS `category`;
CREATE TABLE IF NOT EXISTS `category` (
  `category_name` varchar(200) NOT NULL,
  `update_date` datetime NOT NULL,
  `create_date` datetime NOT NULL,
  `category_state` enum('Y','N') NOT NULL,
  PRIMARY KEY (`category_name`)
) ENGINE=InnoDB DEFAULT CHARSET=utf8mb3;

-- 테이블 데이터 shop.category:~5 rows (대략적) 내보내기
DELETE FROM `category`;
/*!40000 ALTER TABLE `category` DISABLE KEYS */;
INSERT INTO `category` (`category_name`, `update_date`, `create_date`, `category_state`) VALUES
	('경제', '2021-09-24 16:32:24', '2021-09-17 15:13:56', 'Y'),
	('만화', '2021-09-24 16:32:25', '2021-09-17 15:13:28', 'Y'),
	('소설', '2021-09-24 16:32:33', '2021-09-17 15:13:20', 'N'),
	('여행', '2021-09-24 16:32:31', '2021-09-17 15:13:36', 'Y'),
	('외국어', '2021-09-24 16:32:28', '2021-09-17 15:14:42', 'N');
/*!40000 ALTER TABLE `category` ENABLE KEYS */;

-- 테이블 shop.ebook 구조 내보내기
DROP TABLE IF EXISTS `ebook`;
CREATE TABLE IF NOT EXISTS `ebook` (
  `ebook_no` int(11) NOT NULL AUTO_INCREMENT,
  `ebook_isbn` char(13) NOT NULL,
  `category_name` varchar(50) NOT NULL,
  `ebook_title` varchar(50) NOT NULL,
  `ebook_author` varchar(50) NOT NULL,
  `ebook_company` varchar(50) NOT NULL,
  `ebook_page_count` int(11) NOT NULL,
  `ebook_price` int(11) NOT NULL,
  `ebook_img` varchar(50) NOT NULL,
  `ebook_summary` text NOT NULL,
  `create_date` datetime NOT NULL,
  `update_date` datetime NOT NULL,
  `ebook_state` enum('판매중','품절','절판','구편절판') NOT NULL,
  PRIMARY KEY (`ebook_no`),
  KEY `FK1` (`category_name`),
  CONSTRAINT `FK1` FOREIGN KEY (`category_name`) REFERENCES `category` (`category_name`) ON DELETE NO ACTION ON UPDATE NO ACTION
) ENGINE=InnoDB AUTO_INCREMENT=1001 DEFAULT CHARSET=utf8mb3;

-- 테이블 데이터 shop.ebook:~999 rows (대략적) 내보내기
DELETE FROM `ebook`;
/*!40000 ALTER TABLE `ebook` DISABLE KEYS */;
INSERT INTO `ebook` (`ebook_no`, `ebook_isbn`, `category_name`, `ebook_title`, `ebook_author`, `ebook_company`, `ebook_page_count`, `ebook_price`, `ebook_img`, `ebook_summary`, `create_date`, `update_date`, `ebook_state`) VALUES
	(1, '337126112-3', '만화', 'Home Ing', 'Malinde', 'Mynte', 106, 16253, 'noimage.jpg', 'vestibulum ac est lacinia nisi venenatis tristique fusce congue diam id', '2021-02-09 00:00:00', '2021-09-23 00:00:00', '구편절판'),
	(2, '323768779-0', '만화', 'Rank', 'Henrieta', 'Voonder', 457, 9270, 'noimage.jpg', 'a pede posuere nonummy integer non velit donec diam neque vestibulum eget vulputate ut ultrices vel', '2021-01-17 00:00:00', '2021-09-23 00:00:00', '품절'),
	(3, '032757294-9', '만화', 'Cardguard', 'Matthaeus', 'Skidoo', 186, 10910, 'noimage.jpg', 'ante vel ipsum praesent blandit lacinia erat vestibulum sed magna at nunc', '2021-06-27 00:00:00', '2021-09-23 00:00:00', '품절'),
	(4, '956935616-2', '만화', 'Cardify', 'Benson', 'Aimbo', 636, 5896, 'noimage.jpg', 'pellentesque viverra pede ac diam cras pellentesque volutpat dui maecenas tristique est et tempus semper est quam pharetra magna', '2021-03-27 00:00:00', '2021-09-23 00:00:00', '구편절판'),
	(5, '672863345-6', '경제', 'Fix San', 'Hesther', 'Yakidoo', 388, 24237, 'noimage.jpg', 'sed augue aliquam erat volutpat in congue etiam justo etiam pretium iaculis justo in hac habitasse platea dictumst', '2021-01-22 00:00:00', '2021-09-23 00:00:00', '절판'),
	(6, '551253281-2', '경제', 'Holdlamis', 'Rena', 'Agimba', 426, 12074, 'noimage.jpg', 'platea dictumst etiam faucibus cursus urna ut tellus nulla ut erat id mauris vulputate', '2021-01-06 00:00:00', '2021-09-23 00:00:00', '절판'),
	(7, '159849489-9', '만화', 'Holdlamis', 'Billi', 'Skyndu', 279, 13293, 'noimage.jpg', 'tortor sollicitudin mi sit amet lobortis sapien sapien non mi integer ac', '2021-06-04 00:00:00', '2021-09-23 00:00:00', '판매중'),
	(8, '355605659-3', '경제', 'Stim', 'Patty', 'Fadeo', 177, 22033, 'noimage.jpg', 'lacus morbi quis tortor id nulla ultrices aliquet maecenas leo odio condimentum id luctus', '2020-11-11 00:00:00', '2021-09-23 00:00:00', '절판'),
	(9, '000051602-3', '만화', 'Flowdesk', 'Shalne', 'Tagfeed', 589, 27081, 'noimage.jpg', 'turpis sed ante vivamus tortor duis mattis egestas metus aenean fermentum donec ut mauris eget massa', '2021-02-17 00:00:00', '2021-09-23 00:00:00', '판매중'),
	(10, '682219823-7', '외국어', 'Greenlam', 'Mariejeanne', 'Trudoo', 281, 27624, 'noimage.jpg', 'non pretium quis lectus suspendisse potenti in eleifend quam a odio', '2020-12-23 00:00:00', '2021-09-23 00:00:00', '구편절판'),
	(11, '463101320-6', '소설', 'Bitchip', 'Melisa', 'Edgewire', 799, 20148, 'noimage.jpg', 'quam a odio in hac habitasse platea dictumst maecenas ut massa quis', '2021-01-21 00:00:00', '2021-09-23 00:00:00', '구편절판'),
	(12, '533240090-X', '외국어', 'Stringtough', 'Betsy', 'Realcube', 399, 25714, 'noimage.jpg', 'eu tincidunt in leo maecenas pulvinar lobortis est phasellus sit amet erat', '2021-01-19 00:00:00', '2021-09-23 00:00:00', '구편절판'),
	(13, '795396733-2', '만화', 'Alphazap', 'Tessa', 'Twitternation', 251, 20195, 'noimage.jpg', 'vivamus metus arcu adipiscing molestie hendrerit at vulputate vitae nisl aenean lectus', '2021-02-10 00:00:00', '2021-09-23 00:00:00', '판매중'),
	(14, '642195918-0', '만화', 'Sonair', 'Ruthann', 'Oodoo', 131, 11428, 'noimage.jpg', 'interdum mauris non ligula pellentesque ultrices phasellus id sapien in sapien iaculis congue', '2021-03-29 00:00:00', '2021-09-23 00:00:00', '판매중'),
	(15, '662178195-4', '만화', 'Tres-Zap', 'Bordie', 'Photobug', 379, 5024, 'noimage.jpg', 'mauris laoreet ut rhoncus aliquet pulvinar sed nisl nunc rhoncus dui vel sem', '2021-02-17 00:00:00', '2021-09-23 00:00:00', '구편절판'),
	(16, '070389183-9', '경제', 'Tampflex', 'Dukey', 'Tekfly', 952, 13567, 'noimage.jpg', 'aliquam erat volutpat in congue etiam justo etiam pretium iaculis justo in hac habitasse platea dictumst etiam faucibus', '2020-10-15 00:00:00', '2021-09-23 00:00:00', '판매중'),
	(17, '688910101-4', '외국어', 'Tin', 'Sharron', 'Skyba', 118, 29820, 'noimage.jpg', 'ultrices vel augue vestibulum ante ipsum primis in faucibus orci luctus et ultrices posuere cubilia curae donec', '2021-09-07 00:00:00', '2021-09-23 00:00:00', '판매중'),
	(18, '300360435-X', '경제', 'Holdlamis', 'Meggi', 'Layo', 102, 22544, 'noimage.jpg', 'enim leo rhoncus sed vestibulum sit amet cursus id turpis integer aliquet massa id lobortis convallis tortor risus dapibus', '2021-02-20 00:00:00', '2021-09-23 00:00:00', '판매중'),
	(19, '143571112-2', '외국어', 'Regrant', 'Cassie', 'Wikizz', 293, 20591, 'noimage.jpg', 'ut erat id mauris vulputate elementum nullam varius nulla facilisi', '2021-09-12 00:00:00', '2021-09-23 00:00:00', '품절'),
	(20, '938509972-8', '소설', 'Ronstring', 'Zollie', 'Kwilith', 294, 19955, 'noimage.jpg', 'augue vestibulum ante ipsum primis in faucibus orci luctus et ultrices posuere cubilia curae donec pharetra', '2021-02-11 00:00:00', '2021-09-23 00:00:00', '절판'),
	(21, '736761544-0', '만화', 'Job', 'Wilbert', 'Vimbo', 535, 17013, 'noimage.jpg', 'pede lobortis ligula sit amet eleifend pede libero quis orci nullam molestie nibh', '2021-08-01 00:00:00', '2021-09-23 00:00:00', '절판'),
	(22, '467793180-1', '만화', 'Voyatouch', 'Elizabet', 'Fatz', 178, 21909, 'noimage.jpg', 'eleifend pede libero quis orci nullam molestie nibh in lectus pellentesque at nulla suspendisse potenti cras in purus', '2021-09-18 00:00:00', '2021-09-23 00:00:00', '품절'),
	(23, '506468025-2', '외국어', 'Voltsillam', 'Andreana', 'Brainbox', 328, 28344, 'noimage.jpg', 'tempus semper est quam pharetra magna ac consequat metus sapien ut nunc vestibulum ante ipsum primis in', '2021-06-15 00:00:00', '2021-09-23 00:00:00', '품절'),
	(24, '093826709-4', '만화', 'Kanlam', 'Darsie', 'Avamm', 422, 27687, 'noimage.jpg', 'sapien cum sociis natoque penatibus et magnis dis parturient montes nascetur ridiculus mus etiam', '2021-05-03 00:00:00', '2021-09-23 00:00:00', '절판'),
	(25, '621928451-8', '외국어', 'Daltfresh', 'Derek', 'Edgeblab', 903, 26967, 'noimage.jpg', 'amet sem fusce consequat nulla nisl nunc nisl duis bibendum felis sed interdum venenatis turpis enim blandit mi in', '2021-03-12 00:00:00', '2021-09-23 00:00:00', '품절'),
	(26, '746092283-8', '경제', 'Zontrax', 'Taryn', 'Topdrive', 683, 29997, 'noimage.jpg', 'non pretium quis lectus suspendisse potenti in eleifend quam a odio in hac habitasse', '2020-09-26 00:00:00', '2021-09-23 00:00:00', '판매중'),
	(27, '876460817-4', '경제', 'Prodder', 'Ignacius', 'Gigashots', 652, 27001, 'noimage.jpg', 'nec dui luctus rutrum nulla tellus in sagittis dui vel nisl duis ac nibh fusce lacus purus aliquet at', '2020-11-20 00:00:00', '2021-09-23 00:00:00', '품절'),
	(28, '939675970-8', '외국어', 'Viva', 'Merle', 'Fivebridge', 995, 12233, 'noimage.jpg', 'rutrum at lorem integer tincidunt ante vel ipsum praesent blandit lacinia erat vestibulum sed magna at nunc commodo', '2021-05-01 00:00:00', '2021-09-23 00:00:00', '구편절판'),
	(29, '855613898-5', '경제', 'Holdlamis', 'Katrinka', 'Mudo', 985, 17365, 'noimage.jpg', 'cras pellentesque volutpat dui maecenas tristique est et tempus semper', '2020-09-26 00:00:00', '2021-09-23 00:00:00', '판매중'),
	(30, '508694103-2', '여행', 'Y-Solowarm', 'Sharla', 'Quimba', 864, 22989, 'noimage.jpg', 'turpis elementum ligula vehicula consequat morbi a ipsum integer a nibh in quis justo maecenas rhoncus aliquam lacus morbi', '2020-10-31 00:00:00', '2021-09-23 00:00:00', '절판'),
	(31, '331297677-4', '외국어', 'Konklux', 'Pacorro', 'Zooveo', 479, 7853, 'noimage.jpg', 'convallis eget eleifend luctus ultricies eu nibh quisque id justo sit', '2021-06-26 00:00:00', '2021-09-23 00:00:00', '판매중'),
	(32, '512046647-8', '소설', 'Opela', 'Myrtia', 'Einti', 192, 13897, 'noimage.jpg', 'montes nascetur ridiculus mus etiam vel augue vestibulum rutrum rutrum neque', '2020-11-10 00:00:00', '2021-09-23 00:00:00', '구편절판'),
	(33, '245137225-7', '여행', 'Asoka', 'Theo', 'Zoombeat', 358, 14427, 'noimage.jpg', 'donec ut mauris eget massa tempor convallis nulla neque libero convallis eget eleifend luctus ultricies eu nibh', '2021-04-18 00:00:00', '2021-09-23 00:00:00', '구편절판'),
	(34, '294313273-X', '경제', 'Veribet', 'Nate', 'Kimia', 109, 16372, 'noimage.jpg', 'non mauris morbi non lectus aliquam sit amet diam in magna bibendum imperdiet nullam orci pede venenatis non', '2021-08-31 00:00:00', '2021-09-23 00:00:00', '품절'),
	(35, '521530310-X', '여행', 'Stronghold', 'Guido', 'Centimia', 625, 23020, 'noimage.jpg', 'consequat dui nec nisi volutpat eleifend donec ut dolor morbi vel lectus in quam fringilla rhoncus', '2021-02-04 00:00:00', '2021-09-23 00:00:00', '절판'),
	(36, '002726081-X', '외국어', 'Vagram', 'Gelya', 'Dabjam', 579, 17121, 'noimage.jpg', 'velit id pretium iaculis diam erat fermentum justo nec condimentum', '2021-07-09 00:00:00', '2021-09-23 00:00:00', '품절'),
	(37, '636623979-7', '경제', 'Solarbreeze', 'Devonna', 'Meezzy', 380, 22283, 'noimage.jpg', 'phasellus in felis donec semper sapien a libero nam dui proin leo odio porttitor id', '2020-12-02 00:00:00', '2021-09-23 00:00:00', '품절'),
	(38, '507495623-4', '여행', 'Ronstring', 'Dom', 'Vipe', 654, 10603, 'noimage.jpg', 'adipiscing molestie hendrerit at vulputate vitae nisl aenean lectus pellentesque eget nunc donec quis orci eget orci vehicula', '2020-09-25 00:00:00', '2021-09-23 00:00:00', '구편절판'),
	(39, '668164267-5', '경제', 'Tempsoft', 'Idelle', 'Mita', 971, 25299, 'noimage.jpg', 'erat fermentum justo nec condimentum neque sapien placerat ante nulla justo aliquam', '2021-07-24 00:00:00', '2021-09-23 00:00:00', '구편절판'),
	(40, '410044693-4', '경제', 'Fintone', 'Theodora', 'Zava', 885, 27958, 'noimage.jpg', 'suspendisse accumsan tortor quis turpis sed ante vivamus tortor duis mattis egestas metus aenean fermentum', '2020-11-09 00:00:00', '2021-09-23 00:00:00', '품절'),
	(41, '458958015-2', '만화', 'Asoka', 'Renaldo', 'Dynabox', 913, 9852, 'noimage.jpg', 'ante vestibulum ante ipsum primis in faucibus orci luctus et ultrices posuere cubilia curae duis faucibus accumsan', '2021-08-23 00:00:00', '2021-09-23 00:00:00', '절판'),
	(42, '309098171-8', '외국어', 'Y-Solowarm', 'Lanie', 'Chatterbridge', 210, 23041, 'noimage.jpg', 'donec odio justo sollicitudin ut suscipit a feugiat et eros vestibulum ac est lacinia nisi venenatis tristique', '2021-05-11 00:00:00', '2021-09-23 00:00:00', '품절'),
	(43, '066922946-6', '경제', 'Voltsillam', 'Jess', 'Fliptune', 229, 11117, 'noimage.jpg', 'sit amet turpis elementum ligula vehicula consequat morbi a ipsum integer a nibh in', '2020-10-23 00:00:00', '2021-09-23 00:00:00', '절판'),
	(44, '931521875-2', '만화', 'Flexidy', 'Idelle', 'Quinu', 568, 12004, 'noimage.jpg', 'sapien iaculis congue vivamus metus arcu adipiscing molestie hendrerit at vulputate vitae nisl', '2020-11-15 00:00:00', '2021-09-23 00:00:00', '판매중'),
	(45, '498854627-6', '소설', 'Zathin', 'Sue', 'Devbug', 489, 22390, 'noimage.jpg', 'duis aliquam convallis nunc proin at turpis a pede posuere nonummy integer non velit donec diam', '2021-08-18 00:00:00', '2021-09-23 00:00:00', '판매중'),
	(46, '895985362-3', '경제', 'Viva', 'Clerkclaude', 'Devcast', 507, 26385, 'noimage.jpg', 'diam vitae quam suspendisse potenti nullam porttitor lacus at turpis donec posuere metus vitae ipsum aliquam non', '2021-09-18 00:00:00', '2021-09-23 00:00:00', '절판'),
	(47, '983943894-8', '만화', 'Home Ing', 'Sammy', 'Trunyx', 570, 7059, 'noimage.jpg', 'pede malesuada in imperdiet et commodo vulputate justo in blandit ultrices enim lorem ipsum dolor', '2021-06-08 00:00:00', '2021-09-23 00:00:00', '품절'),
	(48, '723163709-4', '소설', 'Opela', 'Christa', 'Livetube', 698, 23373, 'noimage.jpg', 'aliquet ultrices erat tortor sollicitudin mi sit amet lobortis sapien sapien non mi', '2021-04-10 00:00:00', '2021-09-23 00:00:00', '판매중'),
	(49, '376468899-8', '외국어', 'Asoka', 'Corry', 'Fliptune', 845, 25765, 'noimage.jpg', 'eget tincidunt eget tempus vel pede morbi porttitor lorem id', '2021-09-18 00:00:00', '2021-09-23 00:00:00', '판매중'),
	(50, '095115649-7', '소설', 'Pannier', 'Kurtis', 'Ainyx', 781, 27928, 'noimage.jpg', 'neque sapien placerat ante nulla justo aliquam quis turpis eget elit sodales scelerisque mauris', '2020-10-28 00:00:00', '2021-09-23 00:00:00', '판매중'),
	(51, '545279526-X', '경제', 'Aerified', 'Jeannette', 'Twitterlist', 877, 16786, 'noimage.jpg', 'venenatis non sodales sed tincidunt eu felis fusce posuere felis sed lacus morbi sem mauris laoreet ut rhoncus', '2020-10-26 00:00:00', '2021-09-23 00:00:00', '판매중'),
	(52, '493193952-X', '소설', 'Flexidy', 'Justinn', 'Twinte', 537, 24446, 'noimage.jpg', 'sit amet eleifend pede libero quis orci nullam molestie nibh in lectus pellentesque at nulla suspendisse potenti cras', '2021-05-15 00:00:00', '2021-09-23 00:00:00', '구편절판'),
	(53, '385573615-4', '여행', 'Solarbreeze', 'Benyamin', 'Feedspan', 817, 24687, 'noimage.jpg', 'libero non mattis pulvinar nulla pede ullamcorper augue a suscipit nulla elit ac', '2020-12-09 00:00:00', '2021-09-23 00:00:00', '품절'),
	(54, '876198080-3', '외국어', 'Latlux', 'Roldan', 'Jabbertype', 521, 17425, 'noimage.jpg', 'non mi integer ac neque duis bibendum morbi non quam nec dui luctus rutrum nulla tellus', '2021-05-30 00:00:00', '2021-09-23 00:00:00', '품절'),
	(55, '667814074-5', '경제', 'Keylex', 'Gerladina', 'Meetz', 256, 17759, 'noimage.jpg', 'imperdiet et commodo vulputate justo in blandit ultrices enim lorem ipsum dolor sit', '2021-05-28 00:00:00', '2021-09-23 00:00:00', '절판'),
	(56, '794304572-6', '여행', 'Sub-Ex', 'Marisa', 'Avaveo', 642, 20540, 'noimage.jpg', 'quam sapien varius ut blandit non interdum in ante vestibulum ante ipsum primis in faucibus', '2021-03-01 00:00:00', '2021-09-23 00:00:00', '구편절판'),
	(57, '782255719-X', '소설', 'Trippledex', 'Haleigh', 'Realbridge', 988, 8456, 'noimage.jpg', 'rhoncus mauris enim leo rhoncus sed vestibulum sit amet cursus id turpis integer aliquet', '2020-11-19 00:00:00', '2021-09-23 00:00:00', '구편절판'),
	(58, '974933139-7', '경제', 'Matsoft', 'Lonna', 'InnoZ', 227, 20462, 'noimage.jpg', 'porttitor lorem id ligula suspendisse ornare consequat lectus in est', '2021-03-28 00:00:00', '2021-09-23 00:00:00', '절판'),
	(59, '962860629-8', '경제', 'Zaam-Dox', 'Waldon', 'Lazz', 419, 23703, 'noimage.jpg', 'quam sollicitudin vitae consectetuer eget rutrum at lorem integer tincidunt ante vel ipsum praesent blandit lacinia erat vestibulum sed', '2021-06-18 00:00:00', '2021-09-23 00:00:00', '구편절판'),
	(60, '668315995-5', '여행', 'Prodder', 'Carolyne', 'Zoonder', 815, 20819, 'noimage.jpg', 'duis consequat dui nec nisi volutpat eleifend donec ut dolor morbi vel lectus in quam fringilla rhoncus mauris enim leo', '2021-04-22 00:00:00', '2021-09-23 00:00:00', '품절'),
	(61, '672696327-0', '여행', 'Biodex', 'Max', 'Bubbletube', 842, 27053, 'noimage.jpg', 'amet nulla quisque arcu libero rutrum ac lobortis vel dapibus at diam nam', '2021-09-07 00:00:00', '2021-09-23 00:00:00', '절판'),
	(62, '368169452-4', '경제', 'Fixflex', 'Shirleen', 'Eare', 445, 21693, 'noimage.jpg', 'enim lorem ipsum dolor sit amet consectetuer adipiscing elit proin interdum mauris non ligula pellentesque ultrices phasellus id sapien', '2021-04-01 00:00:00', '2021-09-23 00:00:00', '품절'),
	(63, '589418450-9', '여행', 'Transcof', 'Luce', 'Vidoo', 665, 29604, 'noimage.jpg', 'erat eros viverra eget congue eget semper rutrum nulla nunc purus phasellus', '2021-03-21 00:00:00', '2021-09-23 00:00:00', '품절'),
	(64, '561819318-3', '외국어', 'Sub-Ex', 'Benita', 'Realfire', 971, 12852, 'noimage.jpg', 'fusce congue diam id ornare imperdiet sapien urna pretium nisl ut volutpat sapien arcu sed augue aliquam erat volutpat', '2020-10-20 00:00:00', '2021-09-23 00:00:00', '절판'),
	(65, '268960243-1', '여행', 'Ventosanzap', 'Mattie', 'Abatz', 938, 13947, 'noimage.jpg', 'faucibus orci luctus et ultrices posuere cubilia curae donec pharetra', '2021-06-08 00:00:00', '2021-09-23 00:00:00', '판매중'),
	(66, '188677119-7', '소설', 'Gembucket', 'Jens', 'Kazio', 449, 6732, 'noimage.jpg', 'malesuada in imperdiet et commodo vulputate justo in blandit ultrices enim lorem ipsum dolor sit amet consectetuer adipiscing elit', '2021-06-03 00:00:00', '2021-09-23 00:00:00', '구편절판'),
	(67, '006730405-2', '외국어', 'Greenlam', 'Hyacinthia', 'Skyndu', 351, 5274, 'noimage.jpg', 'mi sit amet lobortis sapien sapien non mi integer ac neque duis', '2021-07-12 00:00:00', '2021-09-23 00:00:00', '품절'),
	(68, '590937488-5', '만화', 'Trippledex', 'Modesty', 'Zoombox', 599, 23909, 'noimage.jpg', 'at vulputate vitae nisl aenean lectus pellentesque eget nunc donec quis orci eget', '2021-06-01 00:00:00', '2021-09-23 00:00:00', '품절'),
	(69, '210289182-8', '만화', 'Alphazap', 'Clary', 'Rooxo', 457, 24193, 'noimage.jpg', 'erat nulla tempus vivamus in felis eu sapien cursus vestibulum proin eu mi nulla ac enim', '2020-09-24 00:00:00', '2021-09-23 00:00:00', '구편절판'),
	(70, '468381292-4', '경제', 'Gembucket', 'Raynell', 'Twitterbridge', 971, 18977, 'noimage.jpg', 'id massa id nisl venenatis lacinia aenean sit amet justo', '2020-11-29 00:00:00', '2021-09-23 00:00:00', '절판'),
	(71, '650053541-3', '여행', 'Zathin', 'Candace', 'Oyoloo', 318, 16548, 'noimage.jpg', 'nisi nam ultrices libero non mattis pulvinar nulla pede ullamcorper augue a suscipit nulla elit ac', '2021-07-07 00:00:00', '2021-09-23 00:00:00', '절판'),
	(72, '849271422-0', '만화', 'Home Ing', 'Roshelle', 'Mita', 660, 15948, 'noimage.jpg', 'in imperdiet et commodo vulputate justo in blandit ultrices enim lorem ipsum dolor', '2020-11-07 00:00:00', '2021-09-23 00:00:00', '절판'),
	(73, '525408400-6', '만화', 'Latlux', 'Ritchie', 'Twimm', 725, 23102, 'noimage.jpg', 'molestie nibh in lectus pellentesque at nulla suspendisse potenti cras in', '2021-01-05 00:00:00', '2021-09-23 00:00:00', '판매중'),
	(74, '838527739-0', '만화', 'It', 'Alexis', 'Tagtune', 887, 6878, 'noimage.jpg', 'imperdiet et commodo vulputate justo in blandit ultrices enim lorem ipsum dolor sit amet consectetuer adipiscing elit proin interdum mauris', '2021-04-11 00:00:00', '2021-09-23 00:00:00', '판매중'),
	(75, '593789958-X', '여행', 'Quo Lux', 'Verge', 'Riffpedia', 798, 29050, 'noimage.jpg', 'mauris ullamcorper purus sit amet nulla quisque arcu libero rutrum ac lobortis vel', '2021-03-30 00:00:00', '2021-09-23 00:00:00', '판매중'),
	(76, '785470594-1', '여행', 'Tres-Zap', 'Cindelyn', 'Agivu', 651, 14759, 'noimage.jpg', 'et magnis dis parturient montes nascetur ridiculus mus etiam vel augue vestibulum rutrum rutrum neque aenean auctor gravida sem', '2021-05-19 00:00:00', '2021-09-23 00:00:00', '품절'),
	(77, '090153346-7', '여행', 'Y-Solowarm', 'Rudolf', 'Feedbug', 786, 16692, 'noimage.jpg', 'sem fusce consequat nulla nisl nunc nisl duis bibendum felis', '2020-09-25 00:00:00', '2021-09-23 00:00:00', '품절'),
	(78, '320616902-X', '외국어', 'Matsoft', 'Marjorie', 'Photobug', 758, 26882, 'noimage.jpg', 'accumsan felis ut at dolor quis odio consequat varius integer ac leo pellentesque', '2021-07-22 00:00:00', '2021-09-23 00:00:00', '구편절판'),
	(79, '714651179-0', '소설', 'Biodex', 'Ashley', 'Tagpad', 324, 6072, 'noimage.jpg', 'pede libero quis orci nullam molestie nibh in lectus pellentesque at nulla suspendisse potenti cras in', '2021-03-09 00:00:00', '2021-09-23 00:00:00', '판매중'),
	(80, '808385880-3', '만화', 'Opela', 'Joellyn', 'Dynabox', 261, 15535, 'noimage.jpg', 'eget congue eget semper rutrum nulla nunc purus phasellus in felis donec semper sapien a libero nam dui proin leo', '2021-05-18 00:00:00', '2021-09-23 00:00:00', '품절'),
	(81, '515944610-9', '만화', 'Tempsoft', 'Sherlock', 'Voomm', 156, 13263, 'noimage.jpg', 'volutpat quam pede lobortis ligula sit amet eleifend pede libero quis orci nullam molestie nibh in lectus', '2020-11-30 00:00:00', '2021-09-23 00:00:00', '구편절판'),
	(82, '028491292-1', '소설', 'Tres-Zap', 'Vania', 'Skipstorm', 356, 28265, 'noimage.jpg', 'eu nibh quisque id justo sit amet sapien dignissim vestibulum vestibulum ante ipsum primis in faucibus orci', '2021-07-31 00:00:00', '2021-09-23 00:00:00', '품절'),
	(83, '117395087-7', '경제', 'Konklab', 'Hilario', 'LiveZ', 429, 13063, 'noimage.jpg', 'vel sem sed sagittis nam congue risus semper porta volutpat quam pede', '2021-03-25 00:00:00', '2021-09-23 00:00:00', '절판'),
	(84, '588260375-7', '만화', 'Stronghold', 'Faustina', 'Eire', 159, 28904, 'noimage.jpg', 'amet lobortis sapien sapien non mi integer ac neque duis bibendum morbi', '2020-10-23 00:00:00', '2021-09-23 00:00:00', '판매중'),
	(85, '441674579-6', '만화', 'Hatity', 'Abramo', 'Ailane', 103, 6619, 'noimage.jpg', 'natoque penatibus et magnis dis parturient montes nascetur ridiculus mus', '2021-04-06 00:00:00', '2021-09-23 00:00:00', '절판'),
	(86, '750514039-6', '소설', 'Sonsing', 'Ban', 'Vipe', 862, 12911, 'noimage.jpg', 'nec nisi volutpat eleifend donec ut dolor morbi vel lectus in quam fringilla rhoncus mauris', '2021-05-09 00:00:00', '2021-09-23 00:00:00', '판매중'),
	(87, '737059660-5', '경제', 'Tres-Zap', 'Koressa', 'Zoonder', 621, 23119, 'noimage.jpg', 'accumsan felis ut at dolor quis odio consequat varius integer ac leo pellentesque ultrices mattis odio', '2021-07-16 00:00:00', '2021-09-23 00:00:00', '판매중'),
	(88, '299959852-1', '외국어', 'Vagram', 'Layne', 'Topiczoom', 488, 25007, 'noimage.jpg', 'lacus morbi sem mauris laoreet ut rhoncus aliquet pulvinar sed nisl nunc rhoncus dui', '2021-09-12 00:00:00', '2021-09-23 00:00:00', '절판'),
	(89, '328281466-6', '외국어', 'Hatity', 'Crysta', 'Zoozzy', 966, 9683, 'noimage.jpg', 'sem sed sagittis nam congue risus semper porta volutpat quam', '2021-03-08 00:00:00', '2021-09-23 00:00:00', '구편절판'),
	(90, '594284781-9', '만화', 'Daltfresh', 'Kristopher', 'Zoomcast', 694, 15906, 'noimage.jpg', 'in tempus sit amet sem fusce consequat nulla nisl nunc nisl duis bibendum felis sed', '2021-01-07 00:00:00', '2021-09-23 00:00:00', '절판'),
	(91, '962292206-6', '만화', 'Treeflex', 'Eben', 'Camido', 835, 5568, 'noimage.jpg', 'felis donec semper sapien a libero nam dui proin leo odio porttitor id consequat', '2021-06-10 00:00:00', '2021-09-23 00:00:00', '품절'),
	(92, '985943765-3', '여행', 'Gembucket', 'Mitchel', 'Jaxspan', 820, 19990, 'noimage.jpg', 'iaculis congue vivamus metus arcu adipiscing molestie hendrerit at vulputate vitae nisl aenean lectus pellentesque eget nunc donec', '2021-01-12 00:00:00', '2021-09-23 00:00:00', '품절'),
	(93, '839839488-9', '만화', 'Greenlam', 'Townie', 'Geba', 357, 12108, 'noimage.jpg', 'justo nec condimentum neque sapien placerat ante nulla justo aliquam quis turpis eget elit sodales scelerisque mauris sit amet eros', '2021-05-22 00:00:00', '2021-09-23 00:00:00', '절판'),
	(94, '151527785-2', '만화', 'Tempsoft', 'Sharai', 'Tavu', 129, 22737, 'noimage.jpg', 'elementum pellentesque quisque porta volutpat erat quisque erat eros viverra eget congue eget', '2021-03-24 00:00:00', '2021-09-23 00:00:00', '품절'),
	(95, '797603774-9', '외국어', 'Fix San', 'Gard', 'Oyonder', 319, 26493, 'noimage.jpg', 'suspendisse ornare consequat lectus in est risus auctor sed tristique in', '2020-10-05 00:00:00', '2021-09-23 00:00:00', '품절'),
	(96, '956390143-6', '외국어', 'Ronstring', 'Eyde', 'Tagtune', 800, 5163, 'noimage.jpg', 'sagittis dui vel nisl duis ac nibh fusce lacus purus aliquet at feugiat', '2021-03-03 00:00:00', '2021-09-23 00:00:00', '절판'),
	(97, '187176083-6', '만화', 'Bitchip', 'Ermanno', 'Tazz', 607, 15263, 'noimage.jpg', 'a pede posuere nonummy integer non velit donec diam neque', '2020-10-17 00:00:00', '2021-09-23 00:00:00', '판매중'),
	(98, '086082672-4', '여행', 'Zathin', 'Waverley', 'Oyonder', 709, 24287, 'noimage.jpg', 'interdum eu tincidunt in leo maecenas pulvinar lobortis est phasellus sit amet erat nulla tempus vivamus in felis eu sapien', '2021-09-18 00:00:00', '2021-09-23 00:00:00', '구편절판'),
	(99, '721007236-5', '만화', 'Voyatouch', 'Elke', 'Zoomlounge', 522, 29996, 'noimage.jpg', 'hendrerit at vulputate vitae nisl aenean lectus pellentesque eget nunc', '2021-01-01 00:00:00', '2021-09-23 00:00:00', '구편절판'),
	(100, '154879776-6', '외국어', 'Cardify', 'Terry', 'Quamba', 397, 18053, 'noimage.jpg', 'at lorem integer tincidunt ante vel ipsum praesent blandit lacinia erat vestibulum sed magna at nunc', '2021-02-19 00:00:00', '2021-09-23 00:00:00', '구편절판'),
	(101, '851733393-4', '소설', 'Konklux', 'Chris', 'Chatterpoint', 434, 10617, 'noimage.jpg', 'sed nisl nunc rhoncus dui vel sem sed sagittis nam congue risus semper porta volutpat quam pede', '2020-10-12 00:00:00', '2021-09-23 00:00:00', '절판'),
	(102, '062797412-0', '소설', 'Gembucket', 'Michaelina', 'Zoonder', 844, 24053, 'noimage.jpg', 'volutpat quam pede lobortis ligula sit amet eleifend pede libero quis orci nullam molestie nibh in lectus pellentesque', '2021-06-29 00:00:00', '2021-09-23 00:00:00', '품절'),
	(103, '369605618-9', '소설', 'Bitchip', 'Iosep', 'Blognation', 608, 21914, 'noimage.jpg', 'morbi a ipsum integer a nibh in quis justo maecenas rhoncus aliquam lacus morbi quis tortor id nulla ultrices aliquet', '2021-09-07 00:00:00', '2021-09-23 00:00:00', '품절'),
	(104, '119291652-2', '만화', 'Andalax', 'Rosemarie', 'Thoughtstorm', 611, 17030, 'noimage.jpg', 'non mauris morbi non lectus aliquam sit amet diam in magna bibendum imperdiet nullam orci pede venenatis', '2021-06-26 00:00:00', '2021-09-23 00:00:00', '절판'),
	(105, '471443072-6', '만화', 'Lotlux', 'Augustina', 'Reallinks', 924, 8058, 'noimage.jpg', 'condimentum curabitur in libero ut massa volutpat convallis morbi odio odio elementum eu interdum eu tincidunt in leo', '2021-07-29 00:00:00', '2021-09-23 00:00:00', '절판'),
	(106, '282765247-1', '소설', 'Job', 'Raf', 'Rooxo', 985, 14750, 'noimage.jpg', 'lacinia sapien quis libero nullam sit amet turpis elementum ligula', '2021-09-04 00:00:00', '2021-09-23 00:00:00', '절판'),
	(107, '121412918-8', '여행', 'Tresom', 'Mattie', 'Twitterworks', 679, 18172, 'noimage.jpg', 'nascetur ridiculus mus vivamus vestibulum sagittis sapien cum sociis natoque penatibus et magnis dis parturient montes nascetur ridiculus mus', '2021-05-31 00:00:00', '2021-09-23 00:00:00', '품절'),
	(108, '864680999-4', '만화', 'Mat Lam Tam', 'Gardner', 'Quamba', 731, 7257, 'noimage.jpg', 'nascetur ridiculus mus etiam vel augue vestibulum rutrum rutrum neque aenean auctor gravida sem praesent id', '2021-03-17 00:00:00', '2021-09-23 00:00:00', '구편절판'),
	(109, '350119495-1', '경제', 'Zontrax', 'Rafaellle', 'Youspan', 699, 5329, 'noimage.jpg', 'justo aliquam quis turpis eget elit sodales scelerisque mauris sit amet eros suspendisse accumsan tortor quis', '2021-01-11 00:00:00', '2021-09-23 00:00:00', '구편절판'),
	(110, '204977401-X', '외국어', 'Trippledex', 'Rochette', 'Leenti', 870, 29522, 'noimage.jpg', 'ut nunc vestibulum ante ipsum primis in faucibus orci luctus et ultrices posuere cubilia', '2021-05-25 00:00:00', '2021-09-23 00:00:00', '절판'),
	(111, '940111690-3', '만화', 'Zontrax', 'Nyssa', 'Skinder', 282, 6655, 'noimage.jpg', 'est risus auctor sed tristique in tempus sit amet sem fusce consequat nulla nisl nunc nisl duis bibendum felis', '2021-08-30 00:00:00', '2021-09-23 00:00:00', '판매중'),
	(112, '742646800-3', '소설', 'Zamit', 'Hilliard', 'Skajo', 572, 22327, 'noimage.jpg', 'sollicitudin ut suscipit a feugiat et eros vestibulum ac est lacinia nisi', '2021-09-11 00:00:00', '2021-09-23 00:00:00', '절판'),
	(113, '377882092-3', '외국어', 'Regrant', 'Lanny', 'Skimia', 790, 18142, 'noimage.jpg', 'dapibus augue vel accumsan tellus nisi eu orci mauris lacinia sapien', '2021-09-17 00:00:00', '2021-09-23 00:00:00', '판매중'),
	(114, '784621659-7', '만화', 'Stringtough', 'Steffen', 'Vimbo', 764, 18878, 'noimage.jpg', 'sed vestibulum sit amet cursus id turpis integer aliquet massa id lobortis convallis tortor risus dapibus augue', '2021-02-02 00:00:00', '2021-09-23 00:00:00', '품절'),
	(115, '089559299-1', '외국어', 'Andalax', 'Berta', 'Blogtag', 772, 29137, 'noimage.jpg', 'nisl aenean lectus pellentesque eget nunc donec quis orci eget orci vehicula condimentum curabitur in libero ut', '2020-12-24 00:00:00', '2021-09-23 00:00:00', '구편절판'),
	(116, '060113729-9', '외국어', 'Flowdesk', 'Mel', 'Tavu', 234, 21182, 'noimage.jpg', 'et commodo vulputate justo in blandit ultrices enim lorem ipsum', '2021-03-14 00:00:00', '2021-09-23 00:00:00', '판매중'),
	(117, '256757105-1', '외국어', 'Tresom', 'Kalli', 'Youopia', 759, 11628, 'noimage.jpg', 'orci luctus et ultrices posuere cubilia curae duis faucibus accumsan odio curabitur convallis duis consequat dui nec nisi volutpat', '2020-10-15 00:00:00', '2021-09-23 00:00:00', '품절'),
	(118, '535627279-0', '외국어', 'Stronghold', 'Emlynne', 'Mydo', 551, 18711, 'noimage.jpg', 'erat id mauris vulputate elementum nullam varius nulla facilisi cras non velit nec nisi vulputate nonummy maecenas', '2020-09-28 00:00:00', '2021-09-23 00:00:00', '판매중'),
	(119, '661561535-5', '여행', 'Flexidy', 'Thorpe', 'Aibox', 504, 24654, 'noimage.jpg', 'aliquam non mauris morbi non lectus aliquam sit amet diam in magna bibendum imperdiet nullam orci', '2020-11-28 00:00:00', '2021-09-23 00:00:00', '구편절판'),
	(120, '029716783-9', '만화', 'Sonair', 'Olivia', 'Ntags', 924, 23018, 'noimage.jpg', 'lacus at velit vivamus vel nulla eget eros elementum pellentesque quisque porta volutpat erat quisque erat eros', '2021-06-24 00:00:00', '2021-09-23 00:00:00', '판매중'),
	(121, '560965549-8', '여행', 'Domainer', 'Andie', 'Kanoodle', 854, 14085, 'noimage.jpg', 'eget tempus vel pede morbi porttitor lorem id ligula suspendisse', '2021-08-09 00:00:00', '2021-09-23 00:00:00', '품절'),
	(122, '234219047-6', '만화', 'Fixflex', 'Melisande', 'Skiptube', 428, 14579, 'noimage.jpg', 'sit amet cursus id turpis integer aliquet massa id lobortis', '2021-06-14 00:00:00', '2021-09-23 00:00:00', '판매중'),
	(123, '892864422-4', '만화', 'Zoolab', 'Chantalle', 'Lazzy', 594, 27815, 'noimage.jpg', 'rutrum rutrum neque aenean auctor gravida sem praesent id massa id nisl venenatis lacinia aenean sit amet', '2021-06-20 00:00:00', '2021-09-23 00:00:00', '절판'),
	(124, '723344266-5', '외국어', 'Biodex', 'Andriette', 'Zoomcast', 137, 22938, 'noimage.jpg', 'sagittis nam congue risus semper porta volutpat quam pede lobortis ligula sit amet eleifend pede libero quis', '2021-05-09 00:00:00', '2021-09-23 00:00:00', '구편절판'),
	(125, '154163284-2', '만화', 'Y-Solowarm', 'Will', 'Roodel', 828, 9808, 'noimage.jpg', 'sed justo pellentesque viverra pede ac diam cras pellentesque volutpat dui maecenas tristique', '2020-11-21 00:00:00', '2021-09-23 00:00:00', '품절'),
	(126, '790491828-5', '여행', 'Zamit', 'Dari', 'Centidel', 631, 8693, 'noimage.jpg', 'duis aliquam convallis nunc proin at turpis a pede posuere', '2020-09-24 00:00:00', '2021-09-23 00:00:00', '구편절판'),
	(127, '931401916-0', '외국어', 'Fintone', 'Vlad', 'Tazzy', 758, 18540, 'noimage.jpg', 'neque vestibulum eget vulputate ut ultrices vel augue vestibulum ante ipsum primis in faucibus orci luctus et', '2021-05-10 00:00:00', '2021-09-23 00:00:00', '구편절판'),
	(128, '519737464-0', '만화', 'Tempsoft', 'Hazel', 'Rooxo', 699, 14360, 'noimage.jpg', 'ut dolor morbi vel lectus in quam fringilla rhoncus mauris enim leo rhoncus sed vestibulum sit amet cursus id turpis', '2021-06-16 00:00:00', '2021-09-23 00:00:00', '구편절판'),
	(129, '230564263-6', '외국어', 'Biodex', 'Zara', 'Tanoodle', 139, 11453, 'noimage.jpg', 'magna ac consequat metus sapien ut nunc vestibulum ante ipsum primis in faucibus orci luctus et', '2021-08-13 00:00:00', '2021-09-23 00:00:00', '구편절판'),
	(130, '340784791-2', '만화', 'Subin', 'Omero', 'Kimia', 394, 24055, 'noimage.jpg', 'mattis odio donec vitae nisi nam ultrices libero non mattis pulvinar nulla pede ullamcorper augue a suscipit', '2021-02-19 00:00:00', '2021-09-23 00:00:00', '판매중'),
	(131, '333075346-3', '만화', 'Alphazap', 'Jerrie', 'Jabbersphere', 821, 5013, 'noimage.jpg', 'eu sapien cursus vestibulum proin eu mi nulla ac enim in tempor turpis nec euismod', '2021-05-24 00:00:00', '2021-09-23 00:00:00', '품절'),
	(132, '995165186-0', '외국어', 'Alpha', 'Marlon', 'Rhynyx', 159, 17235, 'noimage.jpg', 'sapien dignissim vestibulum vestibulum ante ipsum primis in faucibus orci luctus et ultrices posuere cubilia curae nulla dapibus', '2021-08-27 00:00:00', '2021-09-23 00:00:00', '품절'),
	(133, '962377004-9', '여행', 'It', 'Sax', 'Brainbox', 690, 9615, 'noimage.jpg', 'leo pellentesque ultrices mattis odio donec vitae nisi nam ultrices libero non', '2021-09-05 00:00:00', '2021-09-23 00:00:00', '절판'),
	(134, '382324979-7', '만화', 'Flowdesk', 'Germain', 'Divape', 261, 27730, 'noimage.jpg', 'sem fusce consequat nulla nisl nunc nisl duis bibendum felis sed interdum venenatis turpis enim', '2020-12-22 00:00:00', '2021-09-23 00:00:00', '구편절판'),
	(135, '110138583-9', '여행', 'Stringtough', 'Felix', 'Oloo', 853, 11335, 'noimage.jpg', 'ipsum integer a nibh in quis justo maecenas rhoncus aliquam lacus morbi quis tortor id nulla ultrices', '2020-12-25 00:00:00', '2021-09-23 00:00:00', '판매중'),
	(136, '215325652-6', '외국어', 'Toughjoyfax', 'Danny', 'Gevee', 302, 16808, 'noimage.jpg', 'posuere cubilia curae nulla dapibus dolor vel est donec odio justo sollicitudin ut suscipit a feugiat et eros vestibulum ac', '2021-09-05 00:00:00', '2021-09-23 00:00:00', '판매중'),
	(137, '278711530-6', '경제', 'Cardify', 'Aaron', 'Plambee', 601, 11150, 'noimage.jpg', 'interdum eu tincidunt in leo maecenas pulvinar lobortis est phasellus sit amet erat nulla tempus', '2020-10-18 00:00:00', '2021-09-23 00:00:00', '품절'),
	(138, '713843348-4', '경제', 'Solarbreeze', 'Lilly', 'Twitterbeat', 477, 24873, 'noimage.jpg', 'nisi volutpat eleifend donec ut dolor morbi vel lectus in quam fringilla rhoncus', '2021-03-07 00:00:00', '2021-09-23 00:00:00', '품절'),
	(139, '905764695-1', '외국어', 'Solarbreeze', 'Leisha', 'Gabtype', 738, 26186, 'noimage.jpg', 'pellentesque eget nunc donec quis orci eget orci vehicula condimentum curabitur in libero ut', '2020-10-07 00:00:00', '2021-09-23 00:00:00', '절판'),
	(140, '133996592-5', '경제', 'Regrant', 'Ethelbert', 'Blogtags', 456, 12776, 'noimage.jpg', 'duis at velit eu est congue elementum in hac habitasse platea dictumst morbi vestibulum velit id pretium iaculis diam erat', '2021-05-17 00:00:00', '2021-09-23 00:00:00', '구편절판'),
	(141, '150118128-9', '여행', 'Rank', 'Benson', 'Edgewire', 102, 8782, 'noimage.jpg', 'morbi quis tortor id nulla ultrices aliquet maecenas leo odio condimentum id luctus nec molestie sed justo pellentesque', '2021-04-10 00:00:00', '2021-09-23 00:00:00', '품절'),
	(142, '250646815-3', '여행', 'Kanlam', 'Adair', 'Tagtune', 609, 29153, 'noimage.jpg', 'sit amet sem fusce consequat nulla nisl nunc nisl duis bibendum felis sed interdum venenatis turpis', '2021-03-04 00:00:00', '2021-09-23 00:00:00', '판매중'),
	(143, '961727345-4', '경제', 'Cardguard', 'Torrance', 'Trunyx', 302, 25203, 'noimage.jpg', 'nascetur ridiculus mus etiam vel augue vestibulum rutrum rutrum neque aenean auctor gravida sem praesent id massa id nisl venenatis', '2021-04-13 00:00:00', '2021-09-23 00:00:00', '구편절판'),
	(144, '096609758-0', '외국어', 'Tres-Zap', 'Doralynn', 'Zoombeat', 236, 19153, 'noimage.jpg', 'justo eu massa donec dapibus duis at velit eu est congue elementum in hac', '2021-09-22 00:00:00', '2021-09-23 00:00:00', '품절'),
	(145, '616107399-4', '외국어', 'Pannier', 'Fraser', 'Oozz', 540, 5292, 'noimage.jpg', 'sapien ut nunc vestibulum ante ipsum primis in faucibus orci luctus et ultrices posuere cubilia', '2021-04-22 00:00:00', '2021-09-23 00:00:00', '품절'),
	(146, '598257270-5', '경제', 'Tin', 'Imogene', 'Quinu', 855, 20394, 'noimage.jpg', 'ac enim in tempor turpis nec euismod scelerisque quam turpis', '2021-05-26 00:00:00', '2021-09-23 00:00:00', '절판'),
	(147, '849109225-0', '외국어', 'Overhold', 'Cal', 'Jayo', 996, 22451, 'noimage.jpg', 'diam id ornare imperdiet sapien urna pretium nisl ut volutpat sapien arcu sed augue aliquam erat volutpat in', '2021-04-06 00:00:00', '2021-09-23 00:00:00', '구편절판'),
	(148, '204425258-9', '만화', 'Andalax', 'Eric', 'Reallinks', 814, 29788, 'noimage.jpg', 'donec pharetra magna vestibulum aliquet ultrices erat tortor sollicitudin mi sit amet lobortis sapien sapien non mi integer', '2020-11-05 00:00:00', '2021-09-23 00:00:00', '절판'),
	(149, '670919053-6', '만화', 'Toughjoyfax', 'Bronson', 'Plambee', 398, 20438, 'noimage.jpg', 'viverra pede ac diam cras pellentesque volutpat dui maecenas tristique est', '2020-12-09 00:00:00', '2021-09-23 00:00:00', '절판'),
	(150, '297325052-8', '소설', 'Konklab', 'Kaiser', 'Yakijo', 304, 26074, 'noimage.jpg', 'at nunc commodo placerat praesent blandit nam nulla integer pede justo lacinia eget', '2020-12-13 00:00:00', '2021-09-23 00:00:00', '품절'),
	(151, '332879410-7', '소설', 'Transcof', 'Renae', 'Bubbletube', 227, 29427, 'noimage.jpg', 'quam pharetra magna ac consequat metus sapien ut nunc vestibulum ante ipsum', '2020-11-10 00:00:00', '2021-09-23 00:00:00', '판매중'),
	(152, '349014940-8', '소설', 'It', 'Althea', 'Yodoo', 349, 6470, 'noimage.jpg', 'tristique est et tempus semper est quam pharetra magna ac consequat', '2020-11-09 00:00:00', '2021-09-23 00:00:00', '품절'),
	(153, '581618219-6', '경제', 'Sub-Ex', 'Richie', 'Dabvine', 577, 11184, 'noimage.jpg', 'amet lobortis sapien sapien non mi integer ac neque duis bibendum morbi non quam', '2020-10-12 00:00:00', '2021-09-23 00:00:00', '품절'),
	(154, '698052901-3', '소설', 'Span', 'Minnnie', 'Skipfire', 801, 16975, 'noimage.jpg', 'consectetuer eget rutrum at lorem integer tincidunt ante vel ipsum praesent blandit lacinia erat vestibulum sed magna', '2021-05-11 00:00:00', '2021-09-23 00:00:00', '절판'),
	(155, '923818576-X', '소설', 'Sub-Ex', 'Norby', 'Jabbercube', 295, 26923, 'noimage.jpg', 'dui maecenas tristique est et tempus semper est quam pharetra magna ac consequat metus sapien ut nunc vestibulum ante ipsum', '2021-07-04 00:00:00', '2021-09-23 00:00:00', '판매중'),
	(156, '748948594-0', '소설', 'Job', 'Anthe', 'Divanoodle', 137, 21804, 'noimage.jpg', 'potenti nullam porttitor lacus at turpis donec posuere metus vitae ipsum aliquam non mauris morbi non', '2021-06-21 00:00:00', '2021-09-23 00:00:00', '구편절판'),
	(157, '529663711-9', '외국어', 'Fixflex', 'Christine', 'Viva', 674, 6155, 'noimage.jpg', 'mi pede malesuada in imperdiet et commodo vulputate justo in blandit ultrices enim lorem ipsum dolor sit amet consectetuer', '2020-12-30 00:00:00', '2021-09-23 00:00:00', '품절'),
	(158, '073150666-9', '외국어', 'Y-find', 'Fannie', 'Yodo', 589, 19894, 'noimage.jpg', 'amet justo morbi ut odio cras mi pede malesuada in imperdiet et commodo', '2021-02-01 00:00:00', '2021-09-23 00:00:00', '판매중'),
	(159, '413888499-8', '만화', 'Temp', 'Kariotta', 'Youfeed', 546, 7839, 'noimage.jpg', 'sem mauris laoreet ut rhoncus aliquet pulvinar sed nisl nunc rhoncus dui vel sem', '2021-01-09 00:00:00', '2021-09-23 00:00:00', '판매중'),
	(160, '804765802-6', '외국어', 'Ronstring', 'Rodie', 'Zoomzone', 872, 24181, 'noimage.jpg', 'metus sapien ut nunc vestibulum ante ipsum primis in faucibus orci luctus et ultrices', '2021-07-07 00:00:00', '2021-09-23 00:00:00', '구편절판'),
	(161, '272308653-4', '외국어', 'Zathin', 'Reinhard', 'Linkbridge', 368, 22040, 'noimage.jpg', 'vel accumsan tellus nisi eu orci mauris lacinia sapien quis libero nullam sit amet turpis', '2021-01-03 00:00:00', '2021-09-23 00:00:00', '품절'),
	(162, '258769081-1', '경제', 'It', 'Jemimah', 'Meeveo', 215, 9589, 'noimage.jpg', 'vitae ipsum aliquam non mauris morbi non lectus aliquam sit amet diam in magna bibendum imperdiet nullam orci pede', '2021-02-25 00:00:00', '2021-09-23 00:00:00', '절판'),
	(163, '085946512-8', '만화', 'Prodder', 'Gilles', 'Dabjam', 932, 28270, 'noimage.jpg', 'parturient montes nascetur ridiculus mus etiam vel augue vestibulum rutrum rutrum neque aenean auctor gravida sem', '2021-07-28 00:00:00', '2021-09-23 00:00:00', '절판'),
	(164, '911594704-1', '경제', 'Holdlamis', 'Cynthea', 'Babbleopia', 553, 7295, 'noimage.jpg', 'donec diam neque vestibulum eget vulputate ut ultrices vel augue vestibulum ante ipsum primis in faucibus orci', '2020-12-20 00:00:00', '2021-09-23 00:00:00', '절판'),
	(165, '535520698-0', '만화', 'Trippledex', 'Shoshana', 'Digitube', 748, 16366, 'noimage.jpg', 'nulla ac enim in tempor turpis nec euismod scelerisque quam turpis adipiscing lorem vitae mattis nibh ligula', '2021-07-04 00:00:00', '2021-09-23 00:00:00', '절판'),
	(166, '155245650-1', '외국어', 'Holdlamis', 'Cammy', 'Wikizz', 743, 29017, 'noimage.jpg', 'ipsum praesent blandit lacinia erat vestibulum sed magna at nunc commodo placerat praesent blandit nam nulla integer pede justo lacinia', '2021-02-15 00:00:00', '2021-09-23 00:00:00', '구편절판'),
	(167, '435054145-4', '외국어', 'Zoolab', 'Malvina', 'Yombu', 511, 27371, 'noimage.jpg', 'nec nisi volutpat eleifend donec ut dolor morbi vel lectus in quam fringilla', '2021-06-30 00:00:00', '2021-09-23 00:00:00', '품절'),
	(168, '536339985-7', '소설', 'Duobam', 'Nadeen', 'Tagpad', 364, 19922, 'noimage.jpg', 'justo nec condimentum neque sapien placerat ante nulla justo aliquam quis turpis eget elit sodales', '2021-03-16 00:00:00', '2021-09-23 00:00:00', '절판'),
	(169, '026500850-6', '경제', 'Zathin', 'Jobye', 'Buzzster', 206, 11444, 'noimage.jpg', 'amet lobortis sapien sapien non mi integer ac neque duis bibendum morbi non quam nec dui', '2020-10-28 00:00:00', '2021-09-23 00:00:00', '절판'),
	(170, '933389275-3', '여행', 'Rank', 'Sybille', 'Zoozzy', 660, 28758, 'noimage.jpg', 'primis in faucibus orci luctus et ultrices posuere cubilia curae mauris viverra diam vitae quam suspendisse potenti nullam porttitor', '2021-01-01 00:00:00', '2021-09-23 00:00:00', '구편절판'),
	(171, '568802870-X', '경제', 'Alpha', 'Ford', 'Edgeblab', 987, 22925, 'noimage.jpg', 'sed ante vivamus tortor duis mattis egestas metus aenean fermentum', '2021-04-23 00:00:00', '2021-09-23 00:00:00', '판매중'),
	(172, '802227457-7', '여행', 'Cardguard', 'Zachariah', 'Jabbersphere', 933, 5527, 'noimage.jpg', 'cum sociis natoque penatibus et magnis dis parturient montes nascetur ridiculus mus etiam vel augue vestibulum rutrum rutrum neque aenean', '2021-03-31 00:00:00', '2021-09-23 00:00:00', '절판'),
	(173, '948132698-5', '경제', 'Overhold', 'Salmon', 'Fiveclub', 288, 22974, 'noimage.jpg', 'purus phasellus in felis donec semper sapien a libero nam dui proin leo odio porttitor id consequat', '2021-06-05 00:00:00', '2021-09-23 00:00:00', '구편절판'),
	(174, '743928705-3', '경제', 'Zaam-Dox', 'Renie', 'Brainsphere', 678, 7724, 'noimage.jpg', 'tempus vel pede morbi porttitor lorem id ligula suspendisse ornare', '2020-11-27 00:00:00', '2021-09-23 00:00:00', '판매중'),
	(175, '885250421-4', '소설', 'Y-find', 'Meridith', 'Voomm', 945, 8334, 'noimage.jpg', 'maecenas pulvinar lobortis est phasellus sit amet erat nulla tempus vivamus in felis eu sapien cursus vestibulum', '2021-08-01 00:00:00', '2021-09-23 00:00:00', '판매중'),
	(176, '787052238-4', '소설', 'Stringtough', 'Elyn', 'Meembee', 105, 8600, 'noimage.jpg', 'eros viverra eget congue eget semper rutrum nulla nunc purus phasellus in felis donec semper', '2021-04-04 00:00:00', '2021-09-23 00:00:00', '판매중'),
	(177, '245138540-5', '여행', 'Ronstring', 'Viki', 'Podcat', 550, 6868, 'noimage.jpg', 'justo aliquam quis turpis eget elit sodales scelerisque mauris sit amet eros', '2021-07-28 00:00:00', '2021-09-23 00:00:00', '품절'),
	(178, '448541847-2', '만화', 'Bytecard', 'Joachim', 'Pixonyx', 219, 23131, 'noimage.jpg', 'odio justo sollicitudin ut suscipit a feugiat et eros vestibulum ac est lacinia nisi venenatis tristique fusce congue', '2020-12-12 00:00:00', '2021-09-23 00:00:00', '품절'),
	(179, '411461461-3', '소설', 'Veribet', 'Esteban', 'Tambee', 236, 29077, 'noimage.jpg', 'ligula vehicula consequat morbi a ipsum integer a nibh in', '2021-09-09 00:00:00', '2021-09-23 00:00:00', '품절'),
	(180, '171924885-0', '경제', 'Zamit', 'Phillip', 'Pixoboo', 854, 21785, 'noimage.jpg', 'nisi vulputate nonummy maecenas tincidunt lacus at velit vivamus vel nulla eget eros elementum pellentesque quisque porta volutpat', '2020-10-03 00:00:00', '2021-09-23 00:00:00', '판매중'),
	(181, '765490652-8', '외국어', 'Vagram', 'Idette', 'Zoombeat', 519, 13607, 'noimage.jpg', 'rhoncus mauris enim leo rhoncus sed vestibulum sit amet cursus', '2021-06-21 00:00:00', '2021-09-23 00:00:00', '구편절판'),
	(182, '475541068-1', '경제', 'Daltfresh', 'Hephzibah', 'Meejo', 861, 25768, 'noimage.jpg', 'suspendisse accumsan tortor quis turpis sed ante vivamus tortor duis mattis egestas metus aenean fermentum donec ut', '2021-06-26 00:00:00', '2021-09-23 00:00:00', '절판'),
	(183, '157909377-9', '여행', 'Otcom', 'Pierson', 'Kare', 941, 11489, 'noimage.jpg', 'velit donec diam neque vestibulum eget vulputate ut ultrices vel augue vestibulum ante ipsum primis in faucibus orci', '2021-07-06 00:00:00', '2021-09-23 00:00:00', '절판'),
	(184, '443847405-1', '여행', 'Prodder', 'Mandel', 'Devbug', 633, 13321, 'noimage.jpg', 'quis turpis sed ante vivamus tortor duis mattis egestas metus aenean fermentum donec', '2020-10-22 00:00:00', '2021-09-23 00:00:00', '절판'),
	(185, '982647388-X', '경제', 'Treeflex', 'Korey', 'JumpXS', 968, 28827, 'noimage.jpg', 'nulla tempus vivamus in felis eu sapien cursus vestibulum proin eu mi nulla ac enim in tempor', '2021-03-13 00:00:00', '2021-09-23 00:00:00', '절판'),
	(186, '207899067-1', '외국어', 'Veribet', 'Colver', 'Topicstorm', 300, 7093, 'noimage.jpg', 'cubilia curae duis faucibus accumsan odio curabitur convallis duis consequat dui', '2021-09-10 00:00:00', '2021-09-23 00:00:00', '구편절판'),
	(187, '540084281-X', '여행', 'Stronghold', 'Noemi', 'Rhyzio', 469, 27573, 'noimage.jpg', 'nibh in lectus pellentesque at nulla suspendisse potenti cras in purus eu magna', '2021-05-16 00:00:00', '2021-09-23 00:00:00', '품절'),
	(188, '173789683-4', '소설', 'Fix San', 'Caryl', 'Brainbox', 111, 23473, 'noimage.jpg', 'proin leo odio porttitor id consequat in consequat ut nulla sed accumsan felis ut at dolor quis odio', '2020-12-26 00:00:00', '2021-09-23 00:00:00', '품절'),
	(189, '479501092-7', '경제', 'Cookley', 'Wilhelmine', 'Edgewire', 564, 16940, 'noimage.jpg', 'sed ante vivamus tortor duis mattis egestas metus aenean fermentum donec ut mauris eget massa tempor', '2021-04-03 00:00:00', '2021-09-23 00:00:00', '절판'),
	(190, '910036925-X', '경제', 'Bitchip', 'Judd', 'Voonder', 731, 6582, 'noimage.jpg', 'pellentesque quisque porta volutpat erat quisque erat eros viverra eget congue eget', '2021-04-03 00:00:00', '2021-09-23 00:00:00', '판매중'),
	(191, '056510602-3', '소설', 'Tres-Zap', 'Shanna', 'Eabox', 493, 5801, 'noimage.jpg', 'volutpat sapien arcu sed augue aliquam erat volutpat in congue etiam justo etiam pretium', '2021-08-11 00:00:00', '2021-09-23 00:00:00', '구편절판'),
	(192, '131482071-0', '소설', 'Trippledex', 'Skelly', 'Topicshots', 324, 11685, 'noimage.jpg', 'blandit non interdum in ante vestibulum ante ipsum primis in faucibus orci luctus', '2021-05-29 00:00:00', '2021-09-23 00:00:00', '품절'),
	(193, '436877155-9', '여행', 'Pannier', 'Merry', 'Quaxo', 645, 6324, 'noimage.jpg', 'turpis enim blandit mi in porttitor pede justo eu massa donec', '2021-06-16 00:00:00', '2021-09-23 00:00:00', '구편절판'),
	(194, '714232228-4', '만화', 'Quo Lux', 'Clea', 'Mynte', 948, 19086, 'noimage.jpg', 'nam ultrices libero non mattis pulvinar nulla pede ullamcorper augue a suscipit nulla', '2020-12-01 00:00:00', '2021-09-23 00:00:00', '품절'),
	(195, '651713662-2', '소설', 'Transcof', 'Row', 'Thoughtstorm', 139, 27012, 'noimage.jpg', 'vehicula consequat morbi a ipsum integer a nibh in quis justo maecenas', '2021-08-01 00:00:00', '2021-09-23 00:00:00', '품절'),
	(196, '808082988-8', '경제', 'Voyatouch', 'Flory', 'Jetpulse', 867, 9904, 'noimage.jpg', 'parturient montes nascetur ridiculus mus vivamus vestibulum sagittis sapien cum sociis natoque penatibus et magnis dis parturient montes nascetur ridiculus', '2021-08-25 00:00:00', '2021-09-23 00:00:00', '절판'),
	(197, '476560759-3', '외국어', 'Tresom', 'Philippe', 'Photobean', 646, 26820, 'noimage.jpg', 'sollicitudin mi sit amet lobortis sapien sapien non mi integer ac neque', '2021-08-27 00:00:00', '2021-09-23 00:00:00', '구편절판'),
	(198, '285821697-5', '경제', 'Zathin', 'Danyelle', 'Gigashots', 798, 13116, 'noimage.jpg', 'in hac habitasse platea dictumst maecenas ut massa quis augue luctus tincidunt nulla mollis molestie lorem quisque ut erat curabitur', '2021-03-01 00:00:00', '2021-09-23 00:00:00', '구편절판'),
	(199, '831868733-7', '만화', 'Flowdesk', 'Tawsha', 'Kwimbee', 975, 11060, 'noimage.jpg', 'ante vivamus tortor duis mattis egestas metus aenean fermentum donec', '2021-04-04 00:00:00', '2021-09-23 00:00:00', '판매중'),
	(200, '784909453-0', '경제', 'Bamity', 'Marysa', 'Skivee', 482, 7839, 'noimage.jpg', 'convallis eget eleifend luctus ultricies eu nibh quisque id justo sit amet sapien dignissim vestibulum vestibulum', '2021-01-19 00:00:00', '2021-09-23 00:00:00', '절판'),
	(201, '879923673-7', '소설', 'Redhold', 'Carolyn', 'Thoughtmix', 557, 6004, 'noimage.jpg', 'vitae consectetuer eget rutrum at lorem integer tincidunt ante vel ipsum', '2021-08-22 00:00:00', '2021-09-23 00:00:00', '품절'),
	(202, '827082142-X', '소설', 'Temp', 'Swen', 'Zoonoodle', 467, 10783, 'noimage.jpg', 'id lobortis convallis tortor risus dapibus augue vel accumsan tellus nisi eu orci mauris lacinia sapien quis libero nullam', '2021-04-27 00:00:00', '2021-09-23 00:00:00', '절판'),
	(203, '457615988-7', '외국어', 'Y-find', 'Carmon', 'Yamia', 769, 7969, 'noimage.jpg', 'odio elementum eu interdum eu tincidunt in leo maecenas pulvinar lobortis est phasellus sit amet', '2021-01-13 00:00:00', '2021-09-23 00:00:00', '구편절판'),
	(204, '077514835-0', '만화', 'Flowdesk', 'Sheila-kathryn', 'Aimbu', 937, 24282, 'noimage.jpg', 'pede justo lacinia eget tincidunt eget tempus vel pede morbi porttitor lorem id ligula suspendisse ornare consequat lectus in', '2021-02-03 00:00:00', '2021-09-23 00:00:00', '구편절판'),
	(205, '729454757-2', '여행', 'Alphazap', 'Gratiana', 'Chatterpoint', 952, 23882, 'noimage.jpg', 'eu felis fusce posuere felis sed lacus morbi sem mauris laoreet ut', '2021-05-23 00:00:00', '2021-09-23 00:00:00', '절판'),
	(206, '818281174-0', '소설', 'Home Ing', 'Roderic', 'Jaxbean', 213, 23894, 'noimage.jpg', 'tristique est et tempus semper est quam pharetra magna ac consequat metus sapien ut nunc vestibulum ante', '2021-03-13 00:00:00', '2021-09-23 00:00:00', '판매중'),
	(207, '727704744-3', '외국어', 'Vagram', 'Sim', 'Photofeed', 298, 27824, 'noimage.jpg', 'at nulla suspendisse potenti cras in purus eu magna vulputate luctus', '2021-08-27 00:00:00', '2021-09-23 00:00:00', '품절'),
	(208, '037932670-1', '경제', 'Alpha', 'Hort', 'Skipstorm', 375, 19938, 'noimage.jpg', 'vel enim sit amet nunc viverra dapibus nulla suscipit ligula in lacus curabitur at ipsum ac tellus semper interdum', '2020-10-15 00:00:00', '2021-09-23 00:00:00', '절판'),
	(209, '141331030-3', '외국어', 'Zoolab', 'Aubrette', 'Twitternation', 853, 11196, 'noimage.jpg', 'cras non velit nec nisi vulputate nonummy maecenas tincidunt lacus at velit vivamus vel nulla eget eros elementum', '2020-12-23 00:00:00', '2021-09-23 00:00:00', '판매중'),
	(210, '424233833-3', '여행', 'Andalax', 'Jasen', 'Skippad', 822, 5742, 'noimage.jpg', 'aenean sit amet justo morbi ut odio cras mi pede', '2021-07-29 00:00:00', '2021-09-23 00:00:00', '구편절판'),
	(211, '985169298-0', '소설', 'Tresom', 'Warren', 'Zoovu', 267, 20528, 'noimage.jpg', 'nulla facilisi cras non velit nec nisi vulputate nonummy maecenas tincidunt lacus at velit vivamus vel nulla eget', '2020-10-22 00:00:00', '2021-09-23 00:00:00', '절판'),
	(212, '068074964-0', '경제', 'Viva', 'Massimiliano', 'Jazzy', 214, 13607, 'noimage.jpg', 'cras pellentesque volutpat dui maecenas tristique est et tempus semper est quam pharetra magna ac consequat metus sapien ut nunc', '2020-11-13 00:00:00', '2021-09-23 00:00:00', '품절'),
	(213, '103354566-X', '외국어', 'Alpha', 'Selig', 'Mycat', 339, 8968, 'noimage.jpg', 'id nulla ultrices aliquet maecenas leo odio condimentum id luctus nec molestie sed justo', '2021-08-17 00:00:00', '2021-09-23 00:00:00', '절판'),
	(214, '217967678-6', '여행', 'Zontrax', 'Albertina', 'Zoonder', 646, 18933, 'noimage.jpg', 'volutpat in congue etiam justo etiam pretium iaculis justo in hac habitasse platea', '2021-06-14 00:00:00', '2021-09-23 00:00:00', '판매중'),
	(215, '022363479-4', '외국어', 'Flowdesk', 'Pepi', 'Feednation', 928, 16286, 'noimage.jpg', 'vestibulum ante ipsum primis in faucibus orci luctus et ultrices posuere cubilia curae nulla dapibus dolor', '2021-05-28 00:00:00', '2021-09-23 00:00:00', '구편절판'),
	(216, '341680033-8', '외국어', 'Temp', 'Stephanie', 'Meejo', 850, 13675, 'noimage.jpg', 'sit amet cursus id turpis integer aliquet massa id lobortis convallis tortor risus dapibus augue vel accumsan tellus nisi eu', '2020-12-01 00:00:00', '2021-09-23 00:00:00', '판매중'),
	(217, '276516050-3', '여행', 'Daltfresh', 'Warren', 'Cogibox', 818, 11318, 'noimage.jpg', 'nec molestie sed justo pellentesque viverra pede ac diam cras', '2021-05-03 00:00:00', '2021-09-23 00:00:00', '판매중'),
	(218, '002164647-3', '경제', 'Sonsing', 'Rafe', 'Jabberstorm', 360, 14212, 'noimage.jpg', 'amet consectetuer adipiscing elit proin risus praesent lectus vestibulum quam sapien', '2021-07-14 00:00:00', '2021-09-23 00:00:00', '구편절판'),
	(219, '639154125-6', '여행', 'Keylex', 'Vanya', 'Thoughtbeat', 102, 11154, 'noimage.jpg', 'luctus et ultrices posuere cubilia curae mauris viverra diam vitae quam suspendisse potenti', '2020-09-24 00:00:00', '2021-09-23 00:00:00', '품절'),
	(220, '961251600-6', '만화', 'Bamity', 'Findlay', 'Eidel', 420, 29367, 'noimage.jpg', 'nulla ut erat id mauris vulputate elementum nullam varius nulla facilisi cras non velit nec', '2021-07-07 00:00:00', '2021-09-23 00:00:00', '품절'),
	(221, '799423010-5', '만화', 'Aerified', 'Kathe', 'Quatz', 117, 18467, 'noimage.jpg', 'ipsum ac tellus semper interdum mauris ullamcorper purus sit amet nulla quisque arcu libero rutrum ac lobortis vel dapibus', '2021-04-15 00:00:00', '2021-09-23 00:00:00', '구편절판'),
	(222, '006769293-1', '만화', 'Job', 'Cointon', 'Bluejam', 941, 21083, 'noimage.jpg', 'ac neque duis bibendum morbi non quam nec dui luctus rutrum nulla tellus in sagittis dui vel nisl', '2020-11-02 00:00:00', '2021-09-23 00:00:00', '판매중'),
	(223, '677997790-X', '만화', 'Flexidy', 'Cosmo', 'Browsecat', 935, 6564, 'noimage.jpg', 'in faucibus orci luctus et ultrices posuere cubilia curae duis faucibus accumsan', '2021-05-11 00:00:00', '2021-09-23 00:00:00', '판매중'),
	(224, '147900423-5', '만화', 'Alphazap', 'Afton', 'Tagopia', 282, 17094, 'noimage.jpg', 'suspendisse potenti in eleifend quam a odio in hac habitasse platea dictumst maecenas ut massa quis augue luctus tincidunt nulla', '2021-04-26 00:00:00', '2021-09-23 00:00:00', '구편절판'),
	(225, '118978519-6', '여행', 'Sonair', 'Erin', 'Livefish', 592, 22555, 'noimage.jpg', 'ut massa quis augue luctus tincidunt nulla mollis molestie lorem quisque ut erat', '2021-07-06 00:00:00', '2021-09-23 00:00:00', '판매중'),
	(226, '926234724-3', '소설', 'Tampflex', 'Joyous', 'Youfeed', 236, 13489, 'noimage.jpg', 'et commodo vulputate justo in blandit ultrices enim lorem ipsum dolor sit amet consectetuer', '2021-05-02 00:00:00', '2021-09-23 00:00:00', '절판'),
	(227, '063991561-2', '외국어', 'Sonsing', 'Mitch', 'Gabspot', 429, 15211, 'noimage.jpg', 'risus auctor sed tristique in tempus sit amet sem fusce consequat nulla nisl nunc nisl duis bibendum felis', '2021-05-10 00:00:00', '2021-09-23 00:00:00', '판매중'),
	(228, '418145801-6', '만화', 'Bamity', 'Christy', 'Zoozzy', 849, 21524, 'noimage.jpg', 'ac tellus semper interdum mauris ullamcorper purus sit amet nulla quisque arcu libero rutrum', '2021-04-29 00:00:00', '2021-09-23 00:00:00', '판매중'),
	(229, '696259552-2', '여행', 'Veribet', 'Elden', 'Oyonder', 113, 11139, 'noimage.jpg', 'sapien varius ut blandit non interdum in ante vestibulum ante', '2021-07-06 00:00:00', '2021-09-23 00:00:00', '구편절판'),
	(230, '194343558-8', '만화', 'Span', 'Rahal', 'Realpoint', 434, 22399, 'noimage.jpg', 'et magnis dis parturient montes nascetur ridiculus mus etiam vel augue vestibulum rutrum rutrum neque', '2021-08-22 00:00:00', '2021-09-23 00:00:00', '판매중'),
	(231, '927582355-3', '경제', 'Ventosanzap', 'Wyn', 'Leenti', 715, 25275, 'noimage.jpg', 'mi nulla ac enim in tempor turpis nec euismod scelerisque quam turpis adipiscing lorem vitae mattis nibh', '2021-07-19 00:00:00', '2021-09-23 00:00:00', '품절'),
	(232, '796827753-1', '여행', 'Job', 'Reggis', 'Voonix', 106, 11696, 'noimage.jpg', 'purus sit amet nulla quisque arcu libero rutrum ac lobortis vel dapibus', '2021-08-27 00:00:00', '2021-09-23 00:00:00', '품절'),
	(233, '908472332-5', '경제', 'Keylex', 'Ericka', 'Thoughtstorm', 845, 28348, 'noimage.jpg', 'tincidunt lacus at velit vivamus vel nulla eget eros elementum pellentesque quisque porta volutpat erat quisque', '2021-05-20 00:00:00', '2021-09-23 00:00:00', '품절'),
	(234, '537313078-8', '소설', 'Home Ing', 'Jud', 'Buzzdog', 689, 17218, 'noimage.jpg', 'eu felis fusce posuere felis sed lacus morbi sem mauris laoreet ut rhoncus aliquet pulvinar sed nisl nunc rhoncus', '2020-11-12 00:00:00', '2021-09-23 00:00:00', '판매중'),
	(235, '077242114-5', '외국어', 'Treeflex', 'Edvard', 'Fiveclub', 859, 18427, 'noimage.jpg', 'duis mattis egestas metus aenean fermentum donec ut mauris eget massa tempor convallis nulla neque', '2020-12-15 00:00:00', '2021-09-23 00:00:00', '품절'),
	(236, '028925249-0', '여행', 'Greenlam', 'Jewelle', 'LiveZ', 863, 5588, 'noimage.jpg', 'ac enim in tempor turpis nec euismod scelerisque quam turpis', '2021-05-13 00:00:00', '2021-09-23 00:00:00', '절판'),
	(237, '199591870-9', '여행', 'Latlux', 'Alan', 'Dabvine', 377, 12946, 'noimage.jpg', 'convallis nunc proin at turpis a pede posuere nonummy integer non velit donec diam neque vestibulum eget vulputate ut ultrices', '2021-05-31 00:00:00', '2021-09-23 00:00:00', '구편절판'),
	(238, '734077485-8', '소설', 'Hatity', 'Ailina', 'Topicblab', 209, 15230, 'noimage.jpg', 'erat fermentum justo nec condimentum neque sapien placerat ante nulla justo aliquam quis turpis eget', '2020-12-15 00:00:00', '2021-09-23 00:00:00', '판매중'),
	(239, '005901598-5', '만화', 'Hatity', 'Warden', 'Realbuzz', 851, 29096, 'noimage.jpg', 'turpis integer aliquet massa id lobortis convallis tortor risus dapibus augue', '2021-03-07 00:00:00', '2021-09-23 00:00:00', '판매중'),
	(240, '986340672-4', '만화', 'Mat Lam Tam', 'Rena', 'Voomm', 411, 18053, 'noimage.jpg', 'porta volutpat erat quisque erat eros viverra eget congue eget semper rutrum nulla nunc purus phasellus in felis donec semper', '2020-10-24 00:00:00', '2021-09-23 00:00:00', '절판'),
	(241, '427996677-X', '여행', 'Overhold', 'Christine', 'Chatterbridge', 371, 19075, 'noimage.jpg', 'erat volutpat in congue etiam justo etiam pretium iaculis justo in hac habitasse platea dictumst etiam faucibus cursus urna ut', '2021-01-22 00:00:00', '2021-09-23 00:00:00', '절판'),
	(242, '509329340-7', '만화', 'Ventosanzap', 'Janeen', 'Dablist', 994, 8375, 'noimage.jpg', 'quis libero nullam sit amet turpis elementum ligula vehicula consequat morbi a ipsum integer a', '2021-09-18 00:00:00', '2021-09-23 00:00:00', '품절'),
	(243, '682889568-1', '경제', 'Vagram', 'Ellsworth', 'Edgewire', 780, 5157, 'noimage.jpg', 'pellentesque ultrices mattis odio donec vitae nisi nam ultrices libero non', '2021-04-29 00:00:00', '2021-09-23 00:00:00', '품절'),
	(244, '173204311-6', '경제', 'Home Ing', 'Adrianna', 'Demivee', 433, 9902, 'noimage.jpg', 'vestibulum rutrum rutrum neque aenean auctor gravida sem praesent id massa id nisl venenatis', '2021-01-04 00:00:00', '2021-09-23 00:00:00', '판매중'),
	(245, '590829498-5', '여행', 'Sonsing', 'Bernard', 'Devpoint', 836, 23115, 'noimage.jpg', 'sociis natoque penatibus et magnis dis parturient montes nascetur ridiculus mus etiam vel augue vestibulum rutrum rutrum', '2021-08-26 00:00:00', '2021-09-23 00:00:00', '절판'),
	(246, '288807660-8', '여행', 'Daltfresh', 'Nathan', 'Tekfly', 400, 27137, 'noimage.jpg', 'in felis eu sapien cursus vestibulum proin eu mi nulla ac enim in tempor turpis nec euismod scelerisque quam', '2021-07-10 00:00:00', '2021-09-23 00:00:00', '절판'),
	(247, '871842211-X', '경제', 'Alphazap', 'Madelene', 'Quimm', 724, 13872, 'noimage.jpg', 'consequat varius integer ac leo pellentesque ultrices mattis odio donec vitae nisi nam ultrices libero non mattis', '2021-01-04 00:00:00', '2021-09-23 00:00:00', '판매중'),
	(248, '074738796-6', '여행', 'Holdlamis', 'Walther', 'Skipfire', 602, 7699, 'noimage.jpg', 'id sapien in sapien iaculis congue vivamus metus arcu adipiscing molestie hendrerit at vulputate vitae nisl', '2021-05-04 00:00:00', '2021-09-23 00:00:00', '절판'),
	(249, '199527425-9', '경제', 'Konklab', 'Randall', 'Blogpad', 632, 24052, 'noimage.jpg', 'convallis nulla neque libero convallis eget eleifend luctus ultricies eu nibh quisque', '2021-07-10 00:00:00', '2021-09-23 00:00:00', '절판'),
	(250, '866340607-X', '여행', 'Bamity', 'Theodosia', 'Gabvine', 681, 7932, 'noimage.jpg', 'consequat ut nulla sed accumsan felis ut at dolor quis', '2020-10-15 00:00:00', '2021-09-23 00:00:00', '절판'),
	(251, '012985834-X', '만화', 'Solarbreeze', 'Erasmus', 'Fivebridge', 854, 16962, 'noimage.jpg', 'at nunc commodo placerat praesent blandit nam nulla integer pede justo lacinia eget tincidunt eget tempus vel pede morbi', '2021-02-25 00:00:00', '2021-09-23 00:00:00', '품절'),
	(252, '824257073-6', '소설', 'Fintone', 'Jozef', 'Buzzdog', 649, 11771, 'noimage.jpg', 'fusce consequat nulla nisl nunc nisl duis bibendum felis sed interdum venenatis turpis enim blandit', '2021-08-13 00:00:00', '2021-09-23 00:00:00', '절판'),
	(253, '706064403-2', '경제', 'Wrapsafe', 'Gaven', 'LiveZ', 554, 8723, 'noimage.jpg', 'pede justo lacinia eget tincidunt eget tempus vel pede morbi', '2020-09-27 00:00:00', '2021-09-23 00:00:00', '절판'),
	(254, '531690735-3', '외국어', 'Sonsing', 'Jammie', 'Livepath', 345, 20096, 'noimage.jpg', 'ultricies eu nibh quisque id justo sit amet sapien dignissim vestibulum vestibulum ante', '2021-09-11 00:00:00', '2021-09-23 00:00:00', '품절'),
	(255, '133239398-5', '만화', 'Hatity', 'Sarita', 'Skyvu', 869, 6464, 'noimage.jpg', 'lobortis est phasellus sit amet erat nulla tempus vivamus in felis eu sapien cursus vestibulum', '2021-08-24 00:00:00', '2021-09-23 00:00:00', '품절'),
	(256, '195501880-4', '여행', 'Y-Solowarm', 'Darrel', 'Jayo', 733, 20587, 'noimage.jpg', 'enim sit amet nunc viverra dapibus nulla suscipit ligula in lacus curabitur at ipsum ac tellus', '2020-12-04 00:00:00', '2021-09-23 00:00:00', '절판'),
	(257, '590859711-2', '여행', 'Aerified', 'Philis', 'Twitternation', 315, 13327, 'noimage.jpg', 'nisl duis bibendum felis sed interdum venenatis turpis enim blandit mi in porttitor pede justo eu massa donec dapibus duis', '2021-08-08 00:00:00', '2021-09-23 00:00:00', '판매중'),
	(258, '973459776-0', '소설', 'Prodder', 'Midge', 'Thoughtsphere', 199, 25415, 'noimage.jpg', 'quis odio consequat varius integer ac leo pellentesque ultrices mattis odio donec vitae nisi nam ultrices libero', '2021-07-29 00:00:00', '2021-09-23 00:00:00', '구편절판'),
	(259, '542399944-8', '여행', 'Vagram', 'Ralina', 'Vitz', 467, 5853, 'noimage.jpg', 'accumsan felis ut at dolor quis odio consequat varius integer ac leo', '2021-07-20 00:00:00', '2021-09-23 00:00:00', '구편절판'),
	(260, '462381372-X', '만화', 'Konklab', 'Wanda', 'Viva', 686, 11747, 'noimage.jpg', 'nulla integer pede justo lacinia eget tincidunt eget tempus vel pede morbi porttitor lorem id ligula suspendisse', '2021-04-23 00:00:00', '2021-09-23 00:00:00', '절판'),
	(261, '550765626-6', '만화', 'Sonsing', 'Damien', 'Tagchat', 202, 18747, 'noimage.jpg', 'sed accumsan felis ut at dolor quis odio consequat varius integer ac', '2021-03-05 00:00:00', '2021-09-23 00:00:00', '절판'),
	(262, '402351043-2', '경제', 'Alpha', 'Jermaine', 'Photobug', 948, 9936, 'noimage.jpg', 'aliquam quis turpis eget elit sodales scelerisque mauris sit amet eros suspendisse accumsan tortor quis turpis sed ante vivamus tortor', '2020-11-04 00:00:00', '2021-09-23 00:00:00', '구편절판'),
	(263, '366169642-4', '소설', 'Toughjoyfax', 'Biron', 'Latz', 166, 10353, 'noimage.jpg', 'in imperdiet et commodo vulputate justo in blandit ultrices enim lorem ipsum dolor sit amet consectetuer adipiscing elit', '2021-08-28 00:00:00', '2021-09-23 00:00:00', '구편절판'),
	(264, '708797153-0', '만화', 'Opela', 'Lorne', 'Wordify', 685, 6806, 'noimage.jpg', 'nulla tellus in sagittis dui vel nisl duis ac nibh fusce', '2021-03-24 00:00:00', '2021-09-23 00:00:00', '판매중'),
	(265, '381075750-0', '경제', 'Holdlamis', 'Dinnie', 'Babbleset', 101, 29880, 'noimage.jpg', 'potenti cras in purus eu magna vulputate luctus cum sociis natoque penatibus et magnis dis parturient montes nascetur ridiculus mus', '2021-04-22 00:00:00', '2021-09-23 00:00:00', '판매중'),
	(266, '629144032-6', '만화', 'Duobam', 'Edy', 'Quatz', 231, 21203, 'noimage.jpg', 'nunc donec quis orci eget orci vehicula condimentum curabitur in libero ut massa volutpat convallis morbi odio odio elementum eu', '2021-03-25 00:00:00', '2021-09-23 00:00:00', '구편절판'),
	(267, '972329593-8', '여행', 'Latlux', 'Mikel', 'Ntag', 278, 13366, 'noimage.jpg', 'nullam sit amet turpis elementum ligula vehicula consequat morbi a ipsum integer a', '2020-09-29 00:00:00', '2021-09-23 00:00:00', '구편절판'),
	(268, '093391782-1', '만화', 'Bitchip', 'Dasi', 'Kimia', 270, 23596, 'noimage.jpg', 'penatibus et magnis dis parturient montes nascetur ridiculus mus etiam vel augue vestibulum rutrum rutrum', '2021-05-22 00:00:00', '2021-09-23 00:00:00', '판매중'),
	(269, '124799619-0', '경제', 'Lotlux', 'Ainslee', 'Kanoodle', 297, 18787, 'noimage.jpg', 'diam in magna bibendum imperdiet nullam orci pede venenatis non sodales sed tincidunt eu felis fusce posuere felis sed lacus', '2020-11-13 00:00:00', '2021-09-23 00:00:00', '절판'),
	(270, '779461485-6', '경제', 'Konklux', 'Leola', 'Rhybox', 858, 11420, 'noimage.jpg', 'orci luctus et ultrices posuere cubilia curae duis faucibus accumsan odio curabitur convallis duis consequat dui nec nisi', '2021-01-18 00:00:00', '2021-09-23 00:00:00', '절판'),
	(271, '813625903-8', '여행', 'Flexidy', 'Jerald', 'Thoughtstorm', 986, 9190, 'noimage.jpg', 'non velit nec nisi vulputate nonummy maecenas tincidunt lacus at velit vivamus vel nulla eget eros elementum pellentesque quisque', '2020-11-24 00:00:00', '2021-09-23 00:00:00', '구편절판'),
	(272, '665259953-8', '만화', 'Lotlux', 'Roby', 'Meemm', 439, 28240, 'noimage.jpg', 'sapien a libero nam dui proin leo odio porttitor id consequat in consequat', '2020-10-02 00:00:00', '2021-09-23 00:00:00', '판매중'),
	(273, '852874309-8', '경제', 'Home Ing', 'Ario', 'Meezzy', 761, 25744, 'noimage.jpg', 'eget orci vehicula condimentum curabitur in libero ut massa volutpat convallis morbi odio odio elementum', '2021-01-27 00:00:00', '2021-09-23 00:00:00', '품절'),
	(274, '175353587-5', '만화', 'Prodder', 'Fanny', 'Camimbo', 437, 24976, 'noimage.jpg', 'gravida sem praesent id massa id nisl venenatis lacinia aenean sit amet justo morbi', '2021-07-19 00:00:00', '2021-09-23 00:00:00', '품절'),
	(275, '746166778-5', '외국어', 'Span', 'Georges', 'Browsebug', 493, 23388, 'noimage.jpg', 'mi integer ac neque duis bibendum morbi non quam nec dui luctus rutrum nulla tellus', '2021-01-01 00:00:00', '2021-09-23 00:00:00', '구편절판'),
	(276, '461449286-X', '외국어', 'Mat Lam Tam', 'Lion', 'Zooxo', 765, 16392, 'noimage.jpg', 'eu mi nulla ac enim in tempor turpis nec euismod', '2021-02-01 00:00:00', '2021-09-23 00:00:00', '절판'),
	(277, '871612414-6', '만화', 'Opela', 'Johnny', 'Rhycero', 681, 12784, 'noimage.jpg', 'eu interdum eu tincidunt in leo maecenas pulvinar lobortis est phasellus sit', '2021-04-27 00:00:00', '2021-09-23 00:00:00', '절판'),
	(278, '540222358-0', '만화', 'Stim', 'Dukey', 'Tagfeed', 888, 12692, 'noimage.jpg', 'gravida sem praesent id massa id nisl venenatis lacinia aenean sit amet justo morbi ut odio cras mi pede', '2021-02-26 00:00:00', '2021-09-23 00:00:00', '구편절판'),
	(279, '983009085-X', '경제', 'Y-Solowarm', 'Allyce', 'Avaveo', 322, 28724, 'noimage.jpg', 'aliquet massa id lobortis convallis tortor risus dapibus augue vel accumsan tellus nisi eu orci mauris lacinia sapien quis libero', '2020-12-22 00:00:00', '2021-09-23 00:00:00', '절판'),
	(280, '873505111-6', '만화', 'Home Ing', 'Astrid', 'Demimbu', 731, 17694, 'noimage.jpg', 'dictumst etiam faucibus cursus urna ut tellus nulla ut erat id mauris vulputate', '2020-11-26 00:00:00', '2021-09-23 00:00:00', '판매중'),
	(281, '326290286-1', '경제', 'Namfix', 'Constantia', 'Quinu', 417, 16593, 'noimage.jpg', 'ante vestibulum ante ipsum primis in faucibus orci luctus et ultrices posuere cubilia curae duis faucibus accumsan odio', '2020-11-28 00:00:00', '2021-09-23 00:00:00', '판매중'),
	(282, '869396480-1', '외국어', 'Asoka', 'Norry', 'Skinder', 862, 11199, 'noimage.jpg', 'sed interdum venenatis turpis enim blandit mi in porttitor pede justo', '2020-12-08 00:00:00', '2021-09-23 00:00:00', '판매중'),
	(283, '218554642-2', '외국어', 'Stim', 'Angeli', 'Tagchat', 525, 26741, 'noimage.jpg', 'pretium quis lectus suspendisse potenti in eleifend quam a odio in hac habitasse', '2021-04-07 00:00:00', '2021-09-23 00:00:00', '판매중'),
	(284, '777876393-1', '만화', 'Wrapsafe', 'Caesar', 'Trilith', 936, 22294, 'noimage.jpg', 'rhoncus sed vestibulum sit amet cursus id turpis integer aliquet massa id lobortis convallis tortor', '2020-11-20 00:00:00', '2021-09-23 00:00:00', '구편절판'),
	(285, '215822705-2', '소설', 'Overhold', 'Kitty', 'Buzzdog', 652, 23461, 'noimage.jpg', 'justo in hac habitasse platea dictumst etiam faucibus cursus urna ut tellus nulla ut erat', '2021-04-20 00:00:00', '2021-09-23 00:00:00', '구편절판'),
	(286, '464005712-1', '외국어', 'Temp', 'Arri', 'Reallinks', 804, 24578, 'noimage.jpg', 'fringilla rhoncus mauris enim leo rhoncus sed vestibulum sit amet cursus id turpis integer aliquet massa id lobortis convallis tortor', '2021-03-15 00:00:00', '2021-09-23 00:00:00', '판매중'),
	(287, '924817613-5', '경제', 'Stim', 'Brigg', 'Kazio', 214, 6181, 'noimage.jpg', 'elementum in hac habitasse platea dictumst morbi vestibulum velit id pretium iaculis', '2021-09-07 00:00:00', '2021-09-23 00:00:00', '판매중'),
	(288, '311793899-0', '경제', 'Kanlam', 'Odille', 'Jatri', 951, 22157, 'noimage.jpg', 'eu tincidunt in leo maecenas pulvinar lobortis est phasellus sit amet', '2021-04-14 00:00:00', '2021-09-23 00:00:00', '절판'),
	(289, '681536092-X', '외국어', 'Alphazap', 'Eleanore', 'Meejo', 377, 18958, 'noimage.jpg', 'libero nullam sit amet turpis elementum ligula vehicula consequat morbi a ipsum', '2021-05-19 00:00:00', '2021-09-23 00:00:00', '절판'),
	(290, '975292141-8', '외국어', 'Fixflex', 'Kaia', 'Oozz', 734, 9184, 'noimage.jpg', 'fusce posuere felis sed lacus morbi sem mauris laoreet ut rhoncus aliquet pulvinar sed nisl nunc rhoncus', '2021-05-24 00:00:00', '2021-09-23 00:00:00', '구편절판'),
	(291, '758145015-5', '만화', 'Treeflex', 'Babbette', 'Gigaclub', 446, 17389, 'noimage.jpg', 'luctus et ultrices posuere cubilia curae duis faucibus accumsan odio curabitur convallis duis consequat dui nec nisi', '2020-11-17 00:00:00', '2021-09-23 00:00:00', '절판'),
	(292, '580452378-3', '만화', 'Sonair', 'Jacquie', 'Lajo', 188, 23797, 'noimage.jpg', 'massa tempor convallis nulla neque libero convallis eget eleifend luctus ultricies', '2021-09-04 00:00:00', '2021-09-23 00:00:00', '품절'),
	(293, '433632783-1', '경제', 'Voyatouch', 'Bernard', 'Vitz', 334, 23401, 'noimage.jpg', 'duis ac nibh fusce lacus purus aliquet at feugiat non pretium quis lectus suspendisse potenti in eleifend', '2021-02-15 00:00:00', '2021-09-23 00:00:00', '구편절판'),
	(294, '535268795-3', '만화', 'Quo Lux', 'Cassi', 'Katz', 141, 11228, 'noimage.jpg', 'morbi ut odio cras mi pede malesuada in imperdiet et commodo', '2020-09-26 00:00:00', '2021-09-23 00:00:00', '판매중'),
	(295, '670086522-0', '경제', 'Regrant', 'Aldus', 'Geba', 394, 27320, 'noimage.jpg', 'vulputate vitae nisl aenean lectus pellentesque eget nunc donec quis', '2021-09-19 00:00:00', '2021-09-23 00:00:00', '구편절판'),
	(296, '558218578-X', '소설', 'Zathin', 'Gustaf', 'Yata', 614, 16743, 'noimage.jpg', 'in faucibus orci luctus et ultrices posuere cubilia curae donec pharetra magna', '2021-06-23 00:00:00', '2021-09-23 00:00:00', '품절'),
	(297, '675703214-7', '외국어', 'Pannier', 'Thea', 'Avamba', 148, 19791, 'noimage.jpg', 'nisl nunc nisl duis bibendum felis sed interdum venenatis turpis enim blandit mi in porttitor pede justo eu massa', '2021-09-18 00:00:00', '2021-09-23 00:00:00', '구편절판'),
	(298, '905348429-9', '외국어', 'Tampflex', 'Sumner', 'Eidel', 958, 18177, 'noimage.jpg', 'in tempus sit amet sem fusce consequat nulla nisl nunc nisl duis', '2020-10-13 00:00:00', '2021-09-23 00:00:00', '구편절판'),
	(299, '997757040-X', '만화', 'Toughjoyfax', 'Deina', 'Fivespan', 511, 21728, 'noimage.jpg', 'nulla elit ac nulla sed vel enim sit amet nunc viverra dapibus nulla', '2021-07-07 00:00:00', '2021-09-23 00:00:00', '구편절판'),
	(300, '370708479-5', '경제', 'Konklab', 'Sayer', 'Livetube', 930, 19119, 'noimage.jpg', 'justo pellentesque viverra pede ac diam cras pellentesque volutpat dui maecenas tristique est', '2021-02-07 00:00:00', '2021-09-23 00:00:00', '구편절판'),
	(301, '620718402-5', '여행', 'Mat Lam Tam', 'Grata', 'Flashset', 657, 10209, 'noimage.jpg', 'integer aliquet massa id lobortis convallis tortor risus dapibus augue vel accumsan tellus nisi eu orci mauris', '2021-08-10 00:00:00', '2021-09-23 00:00:00', '구편절판'),
	(302, '550041544-1', '경제', 'Overhold', 'Reade', 'Devify', 179, 11271, 'noimage.jpg', 'vel accumsan tellus nisi eu orci mauris lacinia sapien quis', '2021-09-18 00:00:00', '2021-09-23 00:00:00', '품절'),
	(303, '593275383-8', '경제', 'Tempsoft', 'Devon', 'Jayo', 524, 12820, 'noimage.jpg', 'volutpat quam pede lobortis ligula sit amet eleifend pede libero quis orci nullam molestie nibh in', '2021-09-20 00:00:00', '2021-09-23 00:00:00', '품절'),
	(304, '535602799-0', '여행', 'Quo Lux', 'Moshe', 'Livefish', 217, 26195, 'noimage.jpg', 'nulla facilisi cras non velit nec nisi vulputate nonummy maecenas tincidunt lacus at velit vivamus vel nulla', '2021-01-10 00:00:00', '2021-09-23 00:00:00', '구편절판'),
	(305, '627794037-6', '외국어', 'Lotstring', 'Xavier', 'Jamia', 802, 8623, 'noimage.jpg', 'orci eget orci vehicula condimentum curabitur in libero ut massa volutpat convallis morbi odio odio elementum eu interdum eu', '2020-09-29 00:00:00', '2021-09-23 00:00:00', '판매중'),
	(306, '380965707-7', '외국어', 'Redhold', 'Darwin', 'Agivu', 876, 21773, 'noimage.jpg', 'penatibus et magnis dis parturient montes nascetur ridiculus mus vivamus vestibulum sagittis sapien cum sociis natoque penatibus', '2021-02-07 00:00:00', '2021-09-23 00:00:00', '품절'),
	(307, '497401983-X', '소설', 'Pannier', 'Jaquelin', 'Kwinu', 191, 12619, 'noimage.jpg', 'posuere cubilia curae nulla dapibus dolor vel est donec odio justo sollicitudin', '2021-02-11 00:00:00', '2021-09-23 00:00:00', '절판'),
	(308, '626729547-8', '외국어', 'Bamity', 'Alejoa', 'Skipstorm', 736, 27538, 'noimage.jpg', 'justo lacinia eget tincidunt eget tempus vel pede morbi porttitor lorem id ligula suspendisse ornare consequat lectus in', '2021-03-05 00:00:00', '2021-09-23 00:00:00', '절판'),
	(309, '816821156-1', '여행', 'It', 'Easter', 'Meeveo', 400, 9023, 'noimage.jpg', 'curabitur at ipsum ac tellus semper interdum mauris ullamcorper purus sit', '2021-07-23 00:00:00', '2021-09-23 00:00:00', '품절'),
	(310, '171248501-6', '여행', 'Fixflex', 'Roxi', 'Skinix', 538, 9171, 'noimage.jpg', 'donec pharetra magna vestibulum aliquet ultrices erat tortor sollicitudin mi sit amet lobortis sapien sapien non mi integer ac', '2021-04-30 00:00:00', '2021-09-23 00:00:00', '판매중'),
	(311, '401831683-6', '만화', 'Kanlam', 'Margalo', 'Meevee', 351, 18462, 'noimage.jpg', 'dignissim vestibulum vestibulum ante ipsum primis in faucibus orci luctus et ultrices posuere cubilia curae nulla dapibus dolor vel', '2021-02-22 00:00:00', '2021-09-23 00:00:00', '구편절판'),
	(312, '323986974-8', '경제', 'Sub-Ex', 'Trace', 'Devcast', 420, 25636, 'noimage.jpg', 'orci luctus et ultrices posuere cubilia curae donec pharetra magna', '2021-03-16 00:00:00', '2021-09-23 00:00:00', '품절'),
	(313, '989201496-0', '만화', 'Alphazap', 'Mirabel', 'Jabbercube', 216, 5510, 'noimage.jpg', 'ipsum dolor sit amet consectetuer adipiscing elit proin interdum mauris non ligula pellentesque ultrices phasellus id sapien in sapien', '2020-10-06 00:00:00', '2021-09-23 00:00:00', '판매중'),
	(314, '034167731-0', '여행', 'Tempsoft', 'Maje', 'Realbridge', 945, 6601, 'noimage.jpg', 'orci vehicula condimentum curabitur in libero ut massa volutpat convallis morbi odio odio elementum eu interdum eu tincidunt in leo', '2021-02-19 00:00:00', '2021-09-23 00:00:00', '품절'),
	(315, '213053589-5', '만화', 'Tresom', 'Yuma', 'Gabtune', 412, 8554, 'noimage.jpg', 'luctus et ultrices posuere cubilia curae mauris viverra diam vitae quam suspendisse potenti', '2021-08-01 00:00:00', '2021-09-23 00:00:00', '구편절판'),
	(316, '163039005-4', '경제', 'Y-Solowarm', 'Hayward', 'Brightbean', 804, 6938, 'noimage.jpg', 'morbi ut odio cras mi pede malesuada in imperdiet et commodo vulputate justo in blandit ultrices', '2021-08-05 00:00:00', '2021-09-23 00:00:00', '구편절판'),
	(317, '593042799-2', '소설', 'Temp', 'Tammara', 'Aimbu', 658, 16522, 'noimage.jpg', 'cum sociis natoque penatibus et magnis dis parturient montes nascetur ridiculus mus vivamus vestibulum sagittis sapien cum sociis natoque', '2021-03-10 00:00:00', '2021-09-23 00:00:00', '절판'),
	(318, '477014539-X', '만화', 'Holdlamis', 'Dario', 'Quimba', 971, 25094, 'noimage.jpg', 'nulla justo aliquam quis turpis eget elit sodales scelerisque mauris sit amet eros suspendisse accumsan tortor', '2021-01-09 00:00:00', '2021-09-23 00:00:00', '절판'),
	(319, '585183465-X', '여행', 'Sonsing', 'Audy', 'Skyndu', 816, 9275, 'noimage.jpg', 'imperdiet nullam orci pede venenatis non sodales sed tincidunt eu felis fusce', '2021-02-11 00:00:00', '2021-09-23 00:00:00', '품절'),
	(320, '753676021-3', '소설', 'Regrant', 'Ber', 'Yakijo', 847, 21560, 'noimage.jpg', 'dolor quis odio consequat varius integer ac leo pellentesque ultrices', '2020-11-28 00:00:00', '2021-09-23 00:00:00', '구편절판'),
	(321, '745672892-5', '외국어', 'Lotstring', 'Maurie', 'Dazzlesphere', 498, 24870, 'noimage.jpg', 'lacus purus aliquet at feugiat non pretium quis lectus suspendisse potenti in eleifend quam a odio in', '2020-10-16 00:00:00', '2021-09-23 00:00:00', '품절'),
	(322, '548734601-1', '외국어', 'Otcom', 'Nadeen', 'Wikizz', 528, 27132, 'noimage.jpg', 'cum sociis natoque penatibus et magnis dis parturient montes nascetur', '2021-05-22 00:00:00', '2021-09-23 00:00:00', '절판'),
	(323, '830652307-5', '경제', 'Zoolab', 'Bartholemy', 'Mudo', 609, 12523, 'noimage.jpg', 'venenatis tristique fusce congue diam id ornare imperdiet sapien urna pretium nisl ut volutpat sapien arcu sed', '2021-06-10 00:00:00', '2021-09-23 00:00:00', '구편절판'),
	(324, '970352229-7', '만화', 'Tampflex', 'Cathy', 'Buzzdog', 747, 24576, 'noimage.jpg', 'dapibus augue vel accumsan tellus nisi eu orci mauris lacinia sapien quis libero nullam sit', '2021-03-07 00:00:00', '2021-09-23 00:00:00', '구편절판'),
	(325, '840164877-7', '만화', 'Treeflex', 'Peggy', 'Shuffletag', 804, 29145, 'noimage.jpg', 'pellentesque volutpat dui maecenas tristique est et tempus semper est quam pharetra', '2021-08-24 00:00:00', '2021-09-23 00:00:00', '절판'),
	(326, '544855025-8', '만화', 'Transcof', 'Inge', 'Realpoint', 318, 27446, 'noimage.jpg', 'augue vel accumsan tellus nisi eu orci mauris lacinia sapien quis libero nullam sit amet turpis elementum ligula vehicula', '2020-12-07 00:00:00', '2021-09-23 00:00:00', '구편절판'),
	(327, '412610090-3', '소설', 'Daltfresh', 'Leeann', 'Twinder', 815, 5691, 'noimage.jpg', 'maecenas pulvinar lobortis est phasellus sit amet erat nulla tempus vivamus in felis eu sapien', '2020-09-27 00:00:00', '2021-09-23 00:00:00', '판매중'),
	(328, '059268723-6', '여행', 'Transcof', 'Cory', 'Livetube', 837, 11794, 'noimage.jpg', 'ac enim in tempor turpis nec euismod scelerisque quam turpis adipiscing lorem vitae mattis nibh ligula nec sem duis aliquam', '2020-12-11 00:00:00', '2021-09-23 00:00:00', '절판'),
	(329, '705664762-6', '만화', 'Bytecard', 'Randee', 'Ntag', 686, 5125, 'noimage.jpg', 'penatibus et magnis dis parturient montes nascetur ridiculus mus etiam vel augue vestibulum rutrum rutrum neque', '2021-08-17 00:00:00', '2021-09-23 00:00:00', '판매중'),
	(330, '594587304-7', '소설', 'Namfix', 'Carlye', 'Abatz', 387, 21226, 'noimage.jpg', 'felis sed interdum venenatis turpis enim blandit mi in porttitor pede justo eu', '2021-06-21 00:00:00', '2021-09-23 00:00:00', '절판'),
	(331, '676527046-9', '경제', 'Y-Solowarm', 'Maddalena', 'Jaloo', 394, 23449, 'noimage.jpg', 'erat nulla tempus vivamus in felis eu sapien cursus vestibulum proin', '2021-08-19 00:00:00', '2021-09-23 00:00:00', '구편절판'),
	(332, '823546098-X', '소설', 'Lotlux', 'Marita', 'Oodoo', 727, 27477, 'noimage.jpg', 'faucibus orci luctus et ultrices posuere cubilia curae nulla dapibus dolor vel', '2021-04-20 00:00:00', '2021-09-23 00:00:00', '절판'),
	(333, '707657991-X', '소설', 'Bitchip', 'Elston', 'Devify', 223, 5535, 'noimage.jpg', 'ac nulla sed vel enim sit amet nunc viverra dapibus nulla suscipit ligula in lacus curabitur', '2020-12-23 00:00:00', '2021-09-23 00:00:00', '품절'),
	(334, '930271474-8', '경제', 'Voyatouch', 'Reyna', 'Geba', 300, 18858, 'noimage.jpg', 'aliquam augue quam sollicitudin vitae consectetuer eget rutrum at lorem integer tincidunt ante vel', '2021-03-18 00:00:00', '2021-09-23 00:00:00', '구편절판'),
	(335, '500561761-2', '여행', 'Wrapsafe', 'Clare', 'Voonte', 583, 28559, 'noimage.jpg', 'cubilia curae duis faucibus accumsan odio curabitur convallis duis consequat dui nec nisi volutpat eleifend donec ut', '2021-06-23 00:00:00', '2021-09-23 00:00:00', '판매중'),
	(336, '600243975-7', '만화', 'Zaam-Dox', 'Jamie', 'Feedspan', 865, 26428, 'noimage.jpg', 'lectus in est risus auctor sed tristique in tempus sit amet sem fusce consequat nulla nisl nunc nisl duis bibendum', '2021-05-20 00:00:00', '2021-09-23 00:00:00', '품절'),
	(337, '087269223-X', '만화', 'Namfix', 'Carter', 'Kamba', 684, 22819, 'noimage.jpg', 'adipiscing elit proin risus praesent lectus vestibulum quam sapien varius ut blandit non interdum in ante vestibulum', '2021-04-05 00:00:00', '2021-09-23 00:00:00', '판매중'),
	(338, '889845734-0', '만화', 'Sonair', 'Carolynn', 'Thoughtbeat', 296, 6457, 'noimage.jpg', 'adipiscing elit proin risus praesent lectus vestibulum quam sapien varius ut blandit', '2021-07-18 00:00:00', '2021-09-23 00:00:00', '품절'),
	(339, '637783807-7', '외국어', 'Solarbreeze', 'Emlynne', 'Trilia', 991, 28950, 'noimage.jpg', 'non mattis pulvinar nulla pede ullamcorper augue a suscipit nulla', '2020-10-28 00:00:00', '2021-09-23 00:00:00', '구편절판'),
	(340, '046523871-8', '경제', 'Asoka', 'Auria', 'Mymm', 283, 19477, 'noimage.jpg', 'odio condimentum id luctus nec molestie sed justo pellentesque viverra pede ac', '2020-10-28 00:00:00', '2021-09-23 00:00:00', '구편절판'),
	(341, '342795410-2', '만화', 'It', 'Richmond', 'DabZ', 876, 19463, 'noimage.jpg', 'tincidunt eu felis fusce posuere felis sed lacus morbi sem mauris', '2020-10-21 00:00:00', '2021-09-23 00:00:00', '구편절판'),
	(342, '413341971-5', '소설', 'Stim', 'Laughton', 'Meezzy', 615, 16841, 'noimage.jpg', 'rutrum neque aenean auctor gravida sem praesent id massa id nisl venenatis lacinia aenean sit amet justo morbi ut', '2021-09-15 00:00:00', '2021-09-23 00:00:00', '절판'),
	(343, '866866407-7', '외국어', 'Sonsing', 'Tedmund', 'Bluejam', 759, 15492, 'noimage.jpg', 'turpis eget elit sodales scelerisque mauris sit amet eros suspendisse accumsan tortor quis turpis sed ante vivamus', '2020-12-25 00:00:00', '2021-09-23 00:00:00', '품절'),
	(344, '070712488-3', '경제', 'Opela', 'Bunni', 'LiveZ', 593, 23283, 'noimage.jpg', 'pede ullamcorper augue a suscipit nulla elit ac nulla sed vel enim sit amet', '2021-01-19 00:00:00', '2021-09-23 00:00:00', '절판'),
	(345, '909076597-2', '소설', 'Bitchip', 'Daune', 'Eire', 904, 29557, 'noimage.jpg', 'in sagittis dui vel nisl duis ac nibh fusce lacus purus aliquet at feugiat non pretium quis lectus suspendisse potenti', '2021-08-08 00:00:00', '2021-09-23 00:00:00', '구편절판'),
	(346, '024541774-5', '외국어', 'Pannier', 'Kylila', 'Twimm', 998, 17711, 'noimage.jpg', 'odio odio elementum eu interdum eu tincidunt in leo maecenas pulvinar lobortis est phasellus sit amet erat', '2021-08-18 00:00:00', '2021-09-23 00:00:00', '절판'),
	(347, '066914669-2', '경제', 'Home Ing', 'Gherardo', 'Zoombox', 881, 18911, 'noimage.jpg', 'turpis adipiscing lorem vitae mattis nibh ligula nec sem duis aliquam convallis nunc proin at', '2021-03-06 00:00:00', '2021-09-23 00:00:00', '절판'),
	(348, '507096233-7', '여행', 'Latlux', 'Lizzie', 'Npath', 986, 6280, 'noimage.jpg', 'in magna bibendum imperdiet nullam orci pede venenatis non sodales sed tincidunt', '2021-06-28 00:00:00', '2021-09-23 00:00:00', '절판'),
	(349, '272918461-9', '경제', 'Zoolab', 'Angie', 'Meezzy', 177, 6794, 'noimage.jpg', 'varius ut blandit non interdum in ante vestibulum ante ipsum primis in faucibus orci', '2021-08-01 00:00:00', '2021-09-23 00:00:00', '구편절판'),
	(350, '988502477-8', '경제', 'Biodex', 'Teddy', 'Yoveo', 453, 9973, 'noimage.jpg', 'dis parturient montes nascetur ridiculus mus etiam vel augue vestibulum rutrum rutrum neque aenean auctor gravida', '2021-07-03 00:00:00', '2021-09-23 00:00:00', '절판'),
	(351, '071516401-5', '여행', 'Redhold', 'Betty', 'Browsedrive', 556, 9445, 'noimage.jpg', 'lacinia eget tincidunt eget tempus vel pede morbi porttitor lorem', '2021-05-30 00:00:00', '2021-09-23 00:00:00', '품절'),
	(352, '843676215-0', '만화', 'Flexidy', 'Hyacinthia', 'Babbleset', 221, 24800, 'noimage.jpg', 'nascetur ridiculus mus vivamus vestibulum sagittis sapien cum sociis natoque penatibus et magnis', '2020-11-25 00:00:00', '2021-09-23 00:00:00', '판매중'),
	(353, '641110777-7', '여행', 'Prodder', 'Rica', 'Thoughtbeat', 511, 22003, 'noimage.jpg', 'augue quam sollicitudin vitae consectetuer eget rutrum at lorem integer tincidunt ante vel ipsum praesent blandit lacinia', '2021-08-28 00:00:00', '2021-09-23 00:00:00', '판매중'),
	(354, '376611914-1', '여행', 'Konklab', 'Bay', 'Meezzy', 293, 8324, 'noimage.jpg', 'rhoncus dui vel sem sed sagittis nam congue risus semper', '2021-02-03 00:00:00', '2021-09-23 00:00:00', '품절'),
	(355, '889750899-5', '소설', 'Pannier', 'Serene', 'Blogspan', 218, 25734, 'noimage.jpg', 'diam vitae quam suspendisse potenti nullam porttitor lacus at turpis donec', '2021-07-04 00:00:00', '2021-09-23 00:00:00', '판매중'),
	(356, '062490810-0', '소설', 'Viva', 'Isa', 'Thoughtblab', 743, 6993, 'noimage.jpg', 'laoreet ut rhoncus aliquet pulvinar sed nisl nunc rhoncus dui vel sem sed sagittis nam congue risus semper porta volutpat', '2021-08-31 00:00:00', '2021-09-23 00:00:00', '구편절판'),
	(357, '007851073-2', '여행', 'Zontrax', 'Bianka', 'Jabberstorm', 588, 27690, 'noimage.jpg', 'pede justo lacinia eget tincidunt eget tempus vel pede morbi porttitor lorem id ligula suspendisse ornare consequat lectus', '2020-09-29 00:00:00', '2021-09-23 00:00:00', '절판'),
	(358, '908410628-8', '소설', 'Bitchip', 'Natale', 'Realblab', 826, 20749, 'noimage.jpg', 'porttitor pede justo eu massa donec dapibus duis at velit eu est congue elementum in hac', '2021-01-20 00:00:00', '2021-09-23 00:00:00', '절판'),
	(359, '417702930-0', '외국어', 'Cookley', 'Gwenette', 'Livepath', 372, 28198, 'noimage.jpg', 'posuere felis sed lacus morbi sem mauris laoreet ut rhoncus', '2020-11-30 00:00:00', '2021-09-23 00:00:00', '구편절판'),
	(360, '554666200-X', '만화', 'Solarbreeze', 'Lorrie', 'Voonte', 640, 27321, 'noimage.jpg', 'maecenas tincidunt lacus at velit vivamus vel nulla eget eros elementum pellentesque quisque porta volutpat', '2020-11-09 00:00:00', '2021-09-23 00:00:00', '절판'),
	(361, '094725779-9', '경제', 'Quo Lux', 'Spence', 'Jabbersphere', 616, 20440, 'noimage.jpg', 'eros suspendisse accumsan tortor quis turpis sed ante vivamus tortor', '2021-07-04 00:00:00', '2021-09-23 00:00:00', '절판'),
	(362, '673476385-4', '소설', 'Kanlam', 'Caresse', 'Avamba', 885, 26007, 'noimage.jpg', 'felis ut at dolor quis odio consequat varius integer ac leo pellentesque ultrices mattis odio', '2021-06-02 00:00:00', '2021-09-23 00:00:00', '판매중'),
	(363, '548988937-3', '외국어', 'It', 'Micki', 'Tazzy', 717, 16305, 'noimage.jpg', 'odio donec vitae nisi nam ultrices libero non mattis pulvinar nulla pede ullamcorper augue', '2020-12-30 00:00:00', '2021-09-23 00:00:00', '품절'),
	(364, '362221551-8', '외국어', 'Duobam', 'Ardelia', 'Jetpulse', 639, 24278, 'noimage.jpg', 'lacus morbi sem mauris laoreet ut rhoncus aliquet pulvinar sed nisl nunc rhoncus dui vel', '2020-11-11 00:00:00', '2021-09-23 00:00:00', '품절'),
	(365, '692313832-9', '소설', 'Y-Solowarm', 'Georgia', 'Aimbu', 299, 25102, 'noimage.jpg', 'tortor id nulla ultrices aliquet maecenas leo odio condimentum id luctus nec molestie sed justo', '2021-05-21 00:00:00', '2021-09-23 00:00:00', '구편절판'),
	(366, '051590155-5', '경제', 'Sonsing', 'Alan', 'Meemm', 918, 7431, 'noimage.jpg', 'lorem vitae mattis nibh ligula nec sem duis aliquam convallis nunc proin at turpis a pede posuere nonummy integer non', '2021-01-25 00:00:00', '2021-09-23 00:00:00', '판매중'),
	(367, '529131892-9', '경제', 'Cookley', 'Althea', 'Kamba', 840, 25979, 'noimage.jpg', 'libero non mattis pulvinar nulla pede ullamcorper augue a suscipit nulla elit ac nulla sed vel', '2021-03-18 00:00:00', '2021-09-23 00:00:00', '판매중'),
	(368, '671392650-9', '외국어', 'Pannier', 'Jamison', 'Oloo', 330, 19005, 'noimage.jpg', 'suscipit a feugiat et eros vestibulum ac est lacinia nisi venenatis tristique fusce congue', '2021-03-22 00:00:00', '2021-09-23 00:00:00', '판매중'),
	(369, '075698751-2', '여행', 'Tempsoft', 'Consuela', 'Jaloo', 632, 29489, 'noimage.jpg', 'morbi a ipsum integer a nibh in quis justo maecenas rhoncus', '2021-04-15 00:00:00', '2021-09-23 00:00:00', '품절'),
	(370, '686375084-8', '소설', 'Kanlam', 'Kylie', 'Yoveo', 1000, 29500, 'noimage.jpg', 'potenti in eleifend quam a odio in hac habitasse platea dictumst maecenas ut', '2021-09-22 00:00:00', '2021-09-23 00:00:00', '구편절판'),
	(371, '101367840-0', '외국어', 'Cardguard', 'Gwenni', 'Avamba', 208, 21959, 'noimage.jpg', 'id mauris vulputate elementum nullam varius nulla facilisi cras non velit nec nisi vulputate nonummy maecenas', '2021-03-31 00:00:00', '2021-09-23 00:00:00', '판매중'),
	(372, '625263031-4', '여행', 'Solarbreeze', 'Brandais', 'Kayveo', 654, 5143, 'noimage.jpg', 'cubilia curae mauris viverra diam vitae quam suspendisse potenti nullam porttitor lacus at turpis donec posuere metus vitae', '2020-12-09 00:00:00', '2021-09-23 00:00:00', '판매중'),
	(373, '739073974-6', '만화', 'Latlux', 'Laurianne', 'Linkbridge', 382, 13938, 'noimage.jpg', 'dui luctus rutrum nulla tellus in sagittis dui vel nisl duis ac nibh fusce lacus purus', '2020-12-09 00:00:00', '2021-09-23 00:00:00', '절판'),
	(374, '135179087-0', '여행', 'Gembucket', 'Mitchell', 'Bluezoom', 735, 19800, 'noimage.jpg', 'a ipsum integer a nibh in quis justo maecenas rhoncus aliquam lacus morbi quis tortor', '2021-08-18 00:00:00', '2021-09-23 00:00:00', '구편절판'),
	(375, '466078055-4', '만화', 'Ventosanzap', 'Shurwood', 'Podcat', 211, 14183, 'noimage.jpg', 'massa volutpat convallis morbi odio odio elementum eu interdum eu tincidunt in leo maecenas pulvinar lobortis', '2021-03-18 00:00:00', '2021-09-23 00:00:00', '품절'),
	(376, '698670580-8', '경제', 'Wrapsafe', 'Wenona', 'Myworks', 214, 29949, 'noimage.jpg', 'metus arcu adipiscing molestie hendrerit at vulputate vitae nisl aenean lectus pellentesque eget nunc donec quis orci eget orci', '2021-01-11 00:00:00', '2021-09-23 00:00:00', '절판'),
	(377, '639365598-4', '만화', 'Overhold', 'Stacia', 'Meevee', 153, 22479, 'noimage.jpg', 'a feugiat et eros vestibulum ac est lacinia nisi venenatis', '2021-05-09 00:00:00', '2021-09-23 00:00:00', '절판'),
	(378, '289601023-8', '소설', 'Tempsoft', 'Ruddy', 'Dynabox', 734, 5648, 'noimage.jpg', 'bibendum felis sed interdum venenatis turpis enim blandit mi in porttitor pede justo eu massa donec dapibus duis', '2021-06-19 00:00:00', '2021-09-23 00:00:00', '구편절판'),
	(379, '653040689-1', '만화', 'Tin', 'Garrett', 'Geba', 129, 10002, 'noimage.jpg', 'porttitor id consequat in consequat ut nulla sed accumsan felis ut at dolor quis odio consequat varius integer ac', '2020-12-19 00:00:00', '2021-09-23 00:00:00', '절판'),
	(380, '750338847-1', '경제', 'Trippledex', 'Hetty', 'Yabox', 396, 6015, 'noimage.jpg', 'in quis justo maecenas rhoncus aliquam lacus morbi quis tortor id nulla ultrices', '2021-01-10 00:00:00', '2021-09-23 00:00:00', '구편절판'),
	(381, '757505604-1', '여행', 'Cardguard', 'Myrlene', 'Fivespan', 505, 23430, 'noimage.jpg', 'neque vestibulum eget vulputate ut ultrices vel augue vestibulum ante ipsum', '2020-12-30 00:00:00', '2021-09-23 00:00:00', '구편절판'),
	(382, '543458182-2', '만화', 'Veribet', 'Quintin', 'Twitterbridge', 1000, 15296, 'noimage.jpg', 'mattis egestas metus aenean fermentum donec ut mauris eget massa tempor convallis nulla neque libero convallis eget eleifend luctus ultricies', '2021-07-22 00:00:00', '2021-09-23 00:00:00', '절판'),
	(383, '817374001-1', '외국어', 'Zaam-Dox', 'Keven', 'Riffpedia', 209, 18622, 'noimage.jpg', 'bibendum morbi non quam nec dui luctus rutrum nulla tellus in sagittis dui vel nisl duis ac nibh fusce', '2020-10-31 00:00:00', '2021-09-23 00:00:00', '구편절판'),
	(384, '185166868-3', '외국어', 'Otcom', 'Franz', 'Demizz', 805, 15764, 'noimage.jpg', 'maecenas rhoncus aliquam lacus morbi quis tortor id nulla ultrices aliquet maecenas leo odio condimentum id luctus nec', '2021-05-01 00:00:00', '2021-09-23 00:00:00', '품절'),
	(385, '744857283-0', '외국어', 'Zamit', 'Cynthia', 'Skipfire', 728, 16963, 'noimage.jpg', 'interdum mauris ullamcorper purus sit amet nulla quisque arcu libero rutrum ac lobortis vel dapibus at diam nam tristique', '2020-10-30 00:00:00', '2021-09-23 00:00:00', '절판'),
	(386, '505745718-7', '만화', 'Y-find', 'Livia', 'Devify', 642, 19271, 'noimage.jpg', 'tellus nulla ut erat id mauris vulputate elementum nullam varius nulla facilisi cras non velit nec nisi vulputate', '2021-06-11 00:00:00', '2021-09-23 00:00:00', '구편절판'),
	(387, '165522182-5', '소설', 'Duobam', 'Dannel', 'Realmix', 651, 5510, 'noimage.jpg', 'pellentesque ultrices phasellus id sapien in sapien iaculis congue vivamus metus arcu adipiscing molestie hendrerit at vulputate vitae', '2021-01-20 00:00:00', '2021-09-23 00:00:00', '절판'),
	(388, '994145694-1', '외국어', 'Stringtough', 'Lind', 'DabZ', 234, 16685, 'noimage.jpg', 'eu mi nulla ac enim in tempor turpis nec euismod scelerisque quam turpis adipiscing', '2021-01-28 00:00:00', '2021-09-23 00:00:00', '절판'),
	(389, '034452940-1', '경제', 'Fixflex', 'Ozzy', 'Topiczoom', 474, 27517, 'noimage.jpg', 'penatibus et magnis dis parturient montes nascetur ridiculus mus vivamus vestibulum sagittis', '2021-08-10 00:00:00', '2021-09-23 00:00:00', '판매중'),
	(390, '055699104-4', '여행', 'Keylex', 'Erinna', 'Tavu', 230, 20906, 'noimage.jpg', 'mus etiam vel augue vestibulum rutrum rutrum neque aenean auctor', '2020-10-23 00:00:00', '2021-09-23 00:00:00', '구편절판'),
	(391, '484506624-6', '만화', 'Tempsoft', 'Sharleen', 'Livetube', 214, 20035, 'noimage.jpg', 'luctus ultricies eu nibh quisque id justo sit amet sapien dignissim vestibulum', '2021-02-07 00:00:00', '2021-09-23 00:00:00', '판매중'),
	(392, '450273184-6', '경제', 'Redhold', 'Persis', 'Fivechat', 126, 21225, 'noimage.jpg', 'donec quis orci eget orci vehicula condimentum curabitur in libero ut massa volutpat convallis morbi odio odio', '2021-03-16 00:00:00', '2021-09-23 00:00:00', '절판'),
	(393, '937205445-3', '만화', 'Holdlamis', 'Dom', 'Centidel', 290, 11633, 'noimage.jpg', 'risus praesent lectus vestibulum quam sapien varius ut blandit non interdum in ante vestibulum ante ipsum', '2020-12-29 00:00:00', '2021-09-23 00:00:00', '판매중'),
	(394, '357043126-6', '외국어', 'Hatity', 'Corine', 'Yambee', 654, 27672, 'noimage.jpg', 'adipiscing lorem vitae mattis nibh ligula nec sem duis aliquam convallis nunc proin at turpis a pede posuere nonummy', '2021-03-20 00:00:00', '2021-09-23 00:00:00', '구편절판'),
	(395, '377503460-9', '만화', 'Tempsoft', 'Elia', 'Eamia', 586, 27659, 'noimage.jpg', 'in felis donec semper sapien a libero nam dui proin', '2021-06-12 00:00:00', '2021-09-23 00:00:00', '구편절판'),
	(396, '819372437-2', '여행', 'Bamity', 'Gerek', 'Blognation', 987, 20623, 'noimage.jpg', 'lorem integer tincidunt ante vel ipsum praesent blandit lacinia erat vestibulum sed magna', '2021-04-10 00:00:00', '2021-09-23 00:00:00', '구편절판'),
	(397, '743788581-6', '여행', 'Pannier', 'Gustave', 'Fatz', 299, 19507, 'noimage.jpg', 'pede posuere nonummy integer non velit donec diam neque vestibulum eget vulputate ut ultrices vel augue', '2020-11-30 00:00:00', '2021-09-23 00:00:00', '구편절판'),
	(398, '598283947-7', '경제', 'Y-find', 'Arne', 'Riffpath', 417, 14573, 'noimage.jpg', 'amet sem fusce consequat nulla nisl nunc nisl duis bibendum', '2021-01-25 00:00:00', '2021-09-23 00:00:00', '품절'),
	(399, '356452878-4', '외국어', 'Zathin', 'Gael', 'Pixonyx', 366, 15426, 'noimage.jpg', 'mollis molestie lorem quisque ut erat curabitur gravida nisi at nibh in', '2020-12-15 00:00:00', '2021-09-23 00:00:00', '절판'),
	(400, '159278447-X', '만화', 'Prodder', 'Virgie', 'Skaboo', 185, 10320, 'noimage.jpg', 'eget congue eget semper rutrum nulla nunc purus phasellus in felis donec semper sapien a', '2021-06-12 00:00:00', '2021-09-23 00:00:00', '품절'),
	(401, '578777592-9', '경제', 'Opela', 'Haroun', 'Rhynyx', 507, 25120, 'noimage.jpg', 'turpis donec posuere metus vitae ipsum aliquam non mauris morbi non', '2020-12-08 00:00:00', '2021-09-23 00:00:00', '구편절판'),
	(402, '092766259-0', '여행', 'Overhold', 'Cathy', 'Kwilith', 533, 16803, 'noimage.jpg', 'mi in porttitor pede justo eu massa donec dapibus duis at velit eu est congue', '2021-06-27 00:00:00', '2021-09-23 00:00:00', '절판'),
	(403, '616895227-6', '여행', 'Cookley', 'Doy', 'Zoomzone', 136, 22308, 'noimage.jpg', 'in felis eu sapien cursus vestibulum proin eu mi nulla ac', '2021-07-24 00:00:00', '2021-09-23 00:00:00', '품절'),
	(404, '783377919-9', '여행', 'Asoka', 'Marigold', 'Topiclounge', 837, 27086, 'noimage.jpg', 'ipsum primis in faucibus orci luctus et ultrices posuere cubilia curae nulla dapibus', '2021-07-19 00:00:00', '2021-09-23 00:00:00', '구편절판'),
	(405, '954059879-6', '여행', 'Zamit', 'Marcelle', 'Riffwire', 987, 25555, 'noimage.jpg', 'tempus semper est quam pharetra magna ac consequat metus sapien ut nunc vestibulum ante ipsum primis in faucibus orci luctus', '2021-05-21 00:00:00', '2021-09-23 00:00:00', '구편절판'),
	(406, '643254398-3', '경제', 'Biodex', 'Field', 'Reallinks', 552, 20981, 'noimage.jpg', 'cras non velit nec nisi vulputate nonummy maecenas tincidunt lacus at velit vivamus', '2020-10-01 00:00:00', '2021-09-23 00:00:00', '절판'),
	(407, '442446699-X', '소설', 'Temp', 'Bayard', 'Voomm', 600, 29923, 'noimage.jpg', 'diam in magna bibendum imperdiet nullam orci pede venenatis non sodales sed tincidunt eu felis fusce posuere felis', '2020-10-17 00:00:00', '2021-09-23 00:00:00', '구편절판'),
	(408, '034246872-3', '소설', 'Subin', 'Chrissie', 'Miboo', 440, 16046, 'noimage.jpg', 'ante ipsum primis in faucibus orci luctus et ultrices posuere cubilia curae donec pharetra magna vestibulum aliquet ultrices', '2020-10-04 00:00:00', '2021-09-23 00:00:00', '품절'),
	(409, '435408125-3', '경제', 'Domainer', 'Brigid', 'Latz', 548, 16335, 'noimage.jpg', 'mauris lacinia sapien quis libero nullam sit amet turpis elementum ligula vehicula consequat morbi', '2021-09-04 00:00:00', '2021-09-23 00:00:00', '구편절판'),
	(410, '656926382-X', '여행', 'Sonsing', 'Quinn', 'Tanoodle', 639, 10430, 'noimage.jpg', 'proin leo odio porttitor id consequat in consequat ut nulla sed accumsan felis ut at', '2021-05-18 00:00:00', '2021-09-23 00:00:00', '판매중'),
	(411, '435626858-X', '만화', 'Gembucket', 'Temp', 'Flashpoint', 661, 24490, 'noimage.jpg', 'rhoncus sed vestibulum sit amet cursus id turpis integer aliquet massa id lobortis convallis tortor risus dapibus augue vel', '2020-11-23 00:00:00', '2021-09-23 00:00:00', '구편절판'),
	(412, '960160257-7', '만화', 'Zamit', 'Gwendolin', 'Livefish', 847, 9327, 'noimage.jpg', 'metus vitae ipsum aliquam non mauris morbi non lectus aliquam', '2020-09-30 00:00:00', '2021-09-23 00:00:00', '절판'),
	(413, '228956474-5', '만화', 'Zoolab', 'Bekki', 'Livefish', 762, 29759, 'noimage.jpg', 'pede posuere nonummy integer non velit donec diam neque vestibulum eget vulputate ut ultrices vel', '2021-04-02 00:00:00', '2021-09-23 00:00:00', '품절'),
	(414, '929110636-4', '외국어', 'Ventosanzap', 'Amata', 'Photospace', 242, 26116, 'noimage.jpg', 'aenean lectus pellentesque eget nunc donec quis orci eget orci vehicula condimentum curabitur in libero ut', '2021-02-20 00:00:00', '2021-09-23 00:00:00', '절판'),
	(415, '485410660-3', '여행', 'Ronstring', 'Lewes', 'Meevee', 562, 17758, 'noimage.jpg', 'non mattis pulvinar nulla pede ullamcorper augue a suscipit nulla elit ac nulla sed vel enim sit amet nunc viverra', '2021-05-09 00:00:00', '2021-09-23 00:00:00', '구편절판'),
	(416, '753547950-2', '외국어', 'Konklab', 'Basil', 'Jetpulse', 319, 24026, 'noimage.jpg', 'molestie nibh in lectus pellentesque at nulla suspendisse potenti cras in purus eu', '2021-03-08 00:00:00', '2021-09-23 00:00:00', '품절'),
	(417, '545227328-X', '경제', 'Quo Lux', 'Babara', 'Kimia', 757, 21447, 'noimage.jpg', 'tellus nisi eu orci mauris lacinia sapien quis libero nullam sit amet turpis', '2021-06-08 00:00:00', '2021-09-23 00:00:00', '판매중'),
	(418, '976229834-9', '외국어', 'Gembucket', 'Fawn', 'Camimbo', 445, 29158, 'noimage.jpg', 'quis orci eget orci vehicula condimentum curabitur in libero ut massa', '2021-09-11 00:00:00', '2021-09-23 00:00:00', '절판'),
	(419, '886315005-2', '외국어', 'Span', 'Hollyanne', 'Voonte', 645, 8898, 'noimage.jpg', 'tempor convallis nulla neque libero convallis eget eleifend luctus ultricies eu nibh quisque id', '2020-11-04 00:00:00', '2021-09-23 00:00:00', '절판'),
	(420, '041169702-1', '소설', 'Veribet', 'Padriac', 'Edgeblab', 839, 20124, 'noimage.jpg', 'curabitur gravida nisi at nibh in hac habitasse platea dictumst aliquam', '2021-05-27 00:00:00', '2021-09-23 00:00:00', '구편절판'),
	(421, '605854120-4', '만화', 'Stronghold', 'Dalston', 'Skyba', 733, 15376, 'noimage.jpg', 'ligula vehicula consequat morbi a ipsum integer a nibh in quis', '2020-12-21 00:00:00', '2021-09-23 00:00:00', '품절'),
	(422, '807987358-5', '소설', 'Zontrax', 'Collin', 'Quamba', 357, 23752, 'noimage.jpg', 'phasellus sit amet erat nulla tempus vivamus in felis eu sapien cursus vestibulum proin eu', '2021-02-05 00:00:00', '2021-09-23 00:00:00', '품절'),
	(423, '480782367-1', '소설', 'Redhold', 'Marmaduke', 'DabZ', 819, 5101, 'noimage.jpg', 'mauris lacinia sapien quis libero nullam sit amet turpis elementum ligula vehicula consequat morbi a ipsum integer', '2021-04-03 00:00:00', '2021-09-23 00:00:00', '구편절판'),
	(424, '515822901-5', '외국어', 'Transcof', 'Maribeth', 'Centidel', 332, 7721, 'noimage.jpg', 'ut suscipit a feugiat et eros vestibulum ac est lacinia nisi venenatis tristique fusce congue diam id', '2020-12-29 00:00:00', '2021-09-23 00:00:00', '구편절판'),
	(425, '422292710-4', '여행', 'Hatity', 'Orson', 'Innotype', 773, 29402, 'noimage.jpg', 'turpis sed ante vivamus tortor duis mattis egestas metus aenean fermentum donec ut mauris eget massa tempor convallis nulla', '2021-01-22 00:00:00', '2021-09-23 00:00:00', '절판'),
	(426, '275959583-8', '만화', 'Y-Solowarm', 'Darlene', 'Twitterbridge', 976, 14893, 'noimage.jpg', 'etiam justo etiam pretium iaculis justo in hac habitasse platea dictumst etiam faucibus', '2020-10-23 00:00:00', '2021-09-23 00:00:00', '구편절판'),
	(427, '951398618-7', '여행', 'Voltsillam', 'Cos', 'Kimia', 943, 16618, 'noimage.jpg', 'in libero ut massa volutpat convallis morbi odio odio elementum eu interdum eu tincidunt', '2021-04-08 00:00:00', '2021-09-23 00:00:00', '구편절판'),
	(428, '050582881-2', '경제', 'Zontrax', 'Gaby', 'Edgeify', 111, 8566, 'noimage.jpg', 'odio consequat varius integer ac leo pellentesque ultrices mattis odio', '2020-09-27 00:00:00', '2021-09-23 00:00:00', '절판'),
	(429, '623200146-X', '외국어', 'Redhold', 'Thomasine', 'Aimbo', 815, 15504, 'noimage.jpg', 'in consequat ut nulla sed accumsan felis ut at dolor quis odio consequat varius integer ac leo', '2020-12-10 00:00:00', '2021-09-23 00:00:00', '판매중'),
	(430, '875856400-4', '외국어', 'Tresom', 'Cristal', 'Kwilith', 699, 18610, 'noimage.jpg', 'curae nulla dapibus dolor vel est donec odio justo sollicitudin ut suscipit a feugiat et', '2021-05-17 00:00:00', '2021-09-23 00:00:00', '구편절판'),
	(431, '084388742-7', '만화', 'Ronstring', 'Carmela', 'Voolith', 820, 24956, 'noimage.jpg', 'donec pharetra magna vestibulum aliquet ultrices erat tortor sollicitudin mi sit amet lobortis', '2021-08-07 00:00:00', '2021-09-23 00:00:00', '구편절판'),
	(432, '606579197-0', '경제', 'Bitwolf', 'Isidor', 'Blogtags', 170, 15186, 'noimage.jpg', 'hendrerit at vulputate vitae nisl aenean lectus pellentesque eget nunc donec quis orci eget orci vehicula', '2020-12-13 00:00:00', '2021-09-23 00:00:00', '판매중'),
	(433, '448890714-8', '만화', 'Konklux', 'Marrilee', 'Jatri', 873, 16428, 'noimage.jpg', 'viverra eget congue eget semper rutrum nulla nunc purus phasellus in felis donec', '2021-07-03 00:00:00', '2021-09-23 00:00:00', '구편절판'),
	(434, '463509162-7', '만화', 'Y-Solowarm', 'Leanora', 'Voomm', 925, 21730, 'noimage.jpg', 'integer non velit donec diam neque vestibulum eget vulputate ut ultrices vel augue vestibulum ante ipsum primis in faucibus', '2021-02-14 00:00:00', '2021-09-23 00:00:00', '판매중'),
	(435, '231211416-X', '여행', 'Bigtax', 'Sallyanne', 'Zazio', 908, 11729, 'noimage.jpg', 'montes nascetur ridiculus mus etiam vel augue vestibulum rutrum rutrum neque aenean auctor gravida sem praesent id massa id', '2021-09-14 00:00:00', '2021-09-23 00:00:00', '절판'),
	(436, '541740251-6', '경제', 'Transcof', 'Suellen', 'Yozio', 185, 10654, 'noimage.jpg', 'sollicitudin mi sit amet lobortis sapien sapien non mi integer ac neque duis bibendum morbi non', '2020-11-06 00:00:00', '2021-09-23 00:00:00', '품절'),
	(437, '979153209-5', '외국어', 'Bitchip', 'Spike', 'Youspan', 875, 9789, 'noimage.jpg', 'dui proin leo odio porttitor id consequat in consequat ut nulla', '2021-04-09 00:00:00', '2021-09-23 00:00:00', '절판'),
	(438, '506999136-1', '외국어', 'Fintone', 'Katerine', 'Jazzy', 726, 20892, 'noimage.jpg', 'ut nulla sed accumsan felis ut at dolor quis odio consequat varius', '2021-05-09 00:00:00', '2021-09-23 00:00:00', '절판'),
	(439, '481098738-8', '소설', 'Gembucket', 'Cord', 'Tekfly', 430, 13848, 'noimage.jpg', 'mattis egestas metus aenean fermentum donec ut mauris eget massa tempor convallis nulla neque libero convallis', '2021-09-10 00:00:00', '2021-09-23 00:00:00', '구편절판'),
	(440, '185896593-4', '만화', 'Tresom', 'Brianna', 'Cogidoo', 246, 26834, 'noimage.jpg', 'hac habitasse platea dictumst morbi vestibulum velit id pretium iaculis diam erat fermentum justo nec condimentum neque sapien placerat', '2020-10-02 00:00:00', '2021-09-23 00:00:00', '품절'),
	(441, '807006549-4', '여행', 'Konklux', 'Cobb', 'Yambee', 534, 14944, 'noimage.jpg', 'mi pede malesuada in imperdiet et commodo vulputate justo in blandit', '2021-08-04 00:00:00', '2021-09-23 00:00:00', '절판'),
	(442, '191205504-X', '소설', 'Bytecard', 'Ashely', 'Kazio', 547, 12629, 'noimage.jpg', 'convallis duis consequat dui nec nisi volutpat eleifend donec ut dolor morbi vel lectus in quam fringilla rhoncus', '2021-01-24 00:00:00', '2021-09-23 00:00:00', '품절'),
	(443, '672516071-9', '만화', 'Regrant', 'Shell', 'Realbridge', 725, 9028, 'noimage.jpg', 'sit amet consectetuer adipiscing elit proin interdum mauris non ligula', '2021-03-17 00:00:00', '2021-09-23 00:00:00', '판매중'),
	(444, '445116955-0', '경제', 'Fix San', 'Lib', 'Jabbersphere', 606, 8378, 'noimage.jpg', 'faucibus orci luctus et ultrices posuere cubilia curae mauris viverra diam vitae quam suspendisse potenti nullam porttitor lacus at', '2021-05-11 00:00:00', '2021-09-23 00:00:00', '판매중'),
	(445, '854309972-2', '경제', 'Job', 'Alli', 'Digitube', 216, 19323, 'noimage.jpg', 'diam id ornare imperdiet sapien urna pretium nisl ut volutpat sapien', '2021-03-23 00:00:00', '2021-09-23 00:00:00', '품절'),
	(446, '984728163-7', '소설', 'Stim', 'Burty', 'Feednation', 129, 27654, 'noimage.jpg', 'feugiat et eros vestibulum ac est lacinia nisi venenatis tristique fusce congue diam id ornare imperdiet sapien urna pretium', '2021-07-23 00:00:00', '2021-09-23 00:00:00', '절판'),
	(447, '496583864-5', '경제', 'Bamity', 'Allayne', 'Jabbertype', 900, 19034, 'noimage.jpg', 'at turpis a pede posuere nonummy integer non velit donec diam neque vestibulum eget vulputate ut ultrices', '2020-12-05 00:00:00', '2021-09-23 00:00:00', '절판'),
	(448, '885901314-3', '여행', 'Sonsing', 'Crysta', 'Yodo', 577, 25645, 'noimage.jpg', 'eros suspendisse accumsan tortor quis turpis sed ante vivamus tortor duis mattis', '2021-05-31 00:00:00', '2021-09-23 00:00:00', '품절'),
	(449, '788007769-3', '여행', 'Y-Solowarm', 'Hasty', 'Buzzshare', 375, 24278, 'noimage.jpg', 'sed magna at nunc commodo placerat praesent blandit nam nulla integer pede justo lacinia eget tincidunt eget tempus vel', '2020-12-10 00:00:00', '2021-09-23 00:00:00', '구편절판'),
	(450, '444428911-2', '여행', 'Voyatouch', 'Felita', 'Twiyo', 777, 12230, 'noimage.jpg', 'id sapien in sapien iaculis congue vivamus metus arcu adipiscing molestie hendrerit at vulputate vitae', '2021-06-09 00:00:00', '2021-09-23 00:00:00', '절판'),
	(451, '636040590-3', '외국어', 'Ventosanzap', 'Kristine', 'Photofeed', 794, 12124, 'noimage.jpg', 'risus auctor sed tristique in tempus sit amet sem fusce consequat', '2021-08-14 00:00:00', '2021-09-23 00:00:00', '절판'),
	(452, '479367056-3', '경제', 'Sonair', 'Ettore', 'Meemm', 268, 7084, 'noimage.jpg', 'vehicula consequat morbi a ipsum integer a nibh in quis justo maecenas rhoncus', '2020-12-08 00:00:00', '2021-09-23 00:00:00', '품절'),
	(453, '953481813-5', '소설', 'Aerified', 'Joyous', 'Gabtype', 519, 28750, 'noimage.jpg', 'massa tempor convallis nulla neque libero convallis eget eleifend luctus ultricies', '2020-11-30 00:00:00', '2021-09-23 00:00:00', '구편절판'),
	(454, '827510910-8', '만화', 'It', 'Kaia', 'Skinte', 563, 16770, 'noimage.jpg', 'massa tempor convallis nulla neque libero convallis eget eleifend luctus ultricies eu nibh quisque id justo sit amet sapien dignissim', '2020-12-31 00:00:00', '2021-09-23 00:00:00', '품절'),
	(455, '672187525-X', '소설', 'Daltfresh', 'Sacha', 'Devpulse', 972, 23193, 'noimage.jpg', 'erat volutpat in congue etiam justo etiam pretium iaculis justo in hac habitasse platea dictumst etiam faucibus', '2021-04-08 00:00:00', '2021-09-23 00:00:00', '구편절판'),
	(456, '640677053-6', '경제', 'Toughjoyfax', 'Nelson', 'Gigazoom', 444, 22562, 'noimage.jpg', 'ultrices erat tortor sollicitudin mi sit amet lobortis sapien sapien non mi integer ac neque duis bibendum', '2020-12-18 00:00:00', '2021-09-23 00:00:00', '절판'),
	(457, '175791488-9', '여행', 'Flexidy', 'Eadith', 'Rhybox', 778, 9200, 'noimage.jpg', 'pellentesque ultrices mattis odio donec vitae nisi nam ultrices libero non mattis pulvinar nulla pede ullamcorper', '2020-12-30 00:00:00', '2021-09-23 00:00:00', '판매중'),
	(458, '969258210-8', '소설', 'Asoka', 'Tilly', 'Yozio', 1000, 29991, 'noimage.jpg', 'augue vel accumsan tellus nisi eu orci mauris lacinia sapien quis libero', '2021-08-13 00:00:00', '2021-09-23 00:00:00', '품절'),
	(459, '844845172-4', '외국어', 'Ventosanzap', 'Kizzee', 'Thoughtstorm', 503, 25536, 'noimage.jpg', 'sollicitudin vitae consectetuer eget rutrum at lorem integer tincidunt ante', '2021-03-27 00:00:00', '2021-09-23 00:00:00', '판매중'),
	(460, '281858310-1', '경제', 'Fintone', 'Allison', 'Tanoodle', 696, 18863, 'noimage.jpg', 'magna vulputate luctus cum sociis natoque penatibus et magnis dis parturient montes nascetur ridiculus mus vivamus vestibulum sagittis sapien cum', '2020-09-29 00:00:00', '2021-09-23 00:00:00', '절판'),
	(461, '403176033-7', '경제', 'Latlux', 'Niles', 'Shuffledrive', 643, 8045, 'noimage.jpg', 'morbi odio odio elementum eu interdum eu tincidunt in leo maecenas pulvinar lobortis est', '2020-11-09 00:00:00', '2021-09-23 00:00:00', '절판'),
	(462, '428147645-8', '소설', 'Redhold', 'Alyda', 'Livetube', 219, 25075, 'noimage.jpg', 'id lobortis convallis tortor risus dapibus augue vel accumsan tellus nisi eu orci mauris lacinia', '2021-08-01 00:00:00', '2021-09-23 00:00:00', '품절'),
	(463, '537589698-2', '만화', 'Gembucket', 'Shem', 'Bubblemix', 337, 11395, 'noimage.jpg', 'faucibus orci luctus et ultrices posuere cubilia curae donec pharetra magna vestibulum aliquet ultrices erat tortor', '2021-03-08 00:00:00', '2021-09-23 00:00:00', '판매중'),
	(464, '892015827-4', '경제', 'Konklux', 'Domeniga', 'Photolist', 832, 19050, 'noimage.jpg', 'sociis natoque penatibus et magnis dis parturient montes nascetur ridiculus mus etiam vel augue vestibulum rutrum rutrum', '2021-04-16 00:00:00', '2021-09-23 00:00:00', '품절'),
	(465, '063642997-0', '외국어', 'Hatity', 'Joby', 'Quimba', 582, 27454, 'noimage.jpg', 'duis at velit eu est congue elementum in hac habitasse platea dictumst morbi', '2021-06-03 00:00:00', '2021-09-23 00:00:00', '판매중'),
	(466, '394222093-8', '만화', 'Cardguard', 'Alisun', 'Fliptune', 996, 19186, 'noimage.jpg', 'id massa id nisl venenatis lacinia aenean sit amet justo morbi ut odio cras mi pede', '2021-04-03 00:00:00', '2021-09-23 00:00:00', '판매중'),
	(467, '948438800-0', '만화', 'Tampflex', 'Quinn', 'Wordify', 738, 29337, 'noimage.jpg', 'vel enim sit amet nunc viverra dapibus nulla suscipit ligula in lacus curabitur at', '2020-11-10 00:00:00', '2021-09-23 00:00:00', '구편절판'),
	(468, '837117945-6', '여행', 'Stringtough', 'Si', 'Jabbersphere', 482, 9813, 'noimage.jpg', 'ut at dolor quis odio consequat varius integer ac leo pellentesque ultrices mattis', '2020-11-21 00:00:00', '2021-09-23 00:00:00', '품절'),
	(469, '394006557-9', '경제', 'Solarbreeze', 'Steffen', 'Pixoboo', 443, 23515, 'noimage.jpg', 'non mauris morbi non lectus aliquam sit amet diam in magna bibendum imperdiet', '2021-03-06 00:00:00', '2021-09-23 00:00:00', '품절'),
	(470, '688127421-1', '외국어', 'Sonair', 'Pattin', 'Linkbuzz', 693, 21802, 'noimage.jpg', 'vel augue vestibulum ante ipsum primis in faucibus orci luctus et ultrices posuere cubilia curae donec', '2021-08-17 00:00:00', '2021-09-23 00:00:00', '품절'),
	(471, '893327322-0', '외국어', 'Fintone', 'Grove', 'Ainyx', 932, 17902, 'noimage.jpg', 'rutrum at lorem integer tincidunt ante vel ipsum praesent blandit lacinia erat vestibulum', '2021-01-22 00:00:00', '2021-09-23 00:00:00', '판매중'),
	(472, '840436886-4', '만화', 'Daltfresh', 'Lauryn', 'Kimia', 806, 11865, 'noimage.jpg', 'maecenas rhoncus aliquam lacus morbi quis tortor id nulla ultrices aliquet', '2021-04-27 00:00:00', '2021-09-23 00:00:00', '절판'),
	(473, '458881549-0', '경제', 'Rank', 'Shayne', 'Skynoodle', 551, 7122, 'noimage.jpg', 'tempus sit amet sem fusce consequat nulla nisl nunc nisl duis bibendum felis sed interdum venenatis turpis enim blandit', '2021-06-09 00:00:00', '2021-09-23 00:00:00', '절판'),
	(474, '905269518-0', '소설', 'Ventosanzap', 'Lazarus', 'Dabfeed', 801, 11193, 'noimage.jpg', 'consequat ut nulla sed accumsan felis ut at dolor quis odio consequat varius integer ac leo pellentesque ultrices mattis', '2021-01-06 00:00:00', '2021-09-23 00:00:00', '판매중'),
	(475, '423688733-9', '외국어', 'Tres-Zap', 'Benedikta', 'Eire', 207, 28142, 'noimage.jpg', 'magna vulputate luctus cum sociis natoque penatibus et magnis dis parturient montes nascetur ridiculus mus vivamus vestibulum sagittis sapien', '2021-03-11 00:00:00', '2021-09-23 00:00:00', '절판'),
	(476, '772985828-2', '소설', 'Lotstring', 'Hyacinthia', 'Zoomcast', 704, 12028, 'noimage.jpg', 'ligula vehicula consequat morbi a ipsum integer a nibh in quis justo', '2021-04-08 00:00:00', '2021-09-23 00:00:00', '품절'),
	(477, '635906855-9', '외국어', 'Tin', 'Kariotta', 'Quatz', 376, 28236, 'noimage.jpg', 'consequat dui nec nisi volutpat eleifend donec ut dolor morbi vel lectus in', '2020-10-06 00:00:00', '2021-09-23 00:00:00', '품절'),
	(478, '366593792-2', '여행', 'It', 'Fritz', 'Meedoo', 186, 8847, 'noimage.jpg', 'ullamcorper augue a suscipit nulla elit ac nulla sed vel enim sit amet nunc viverra dapibus nulla suscipit ligula in', '2020-10-17 00:00:00', '2021-09-23 00:00:00', '판매중'),
	(479, '023859954-X', '만화', 'Sonsing', 'Kerby', 'Fivebridge', 797, 16272, 'noimage.jpg', 'volutpat in congue etiam justo etiam pretium iaculis justo in hac habitasse platea dictumst etiam faucibus', '2021-09-06 00:00:00', '2021-09-23 00:00:00', '품절'),
	(480, '396067757-X', '만화', 'Bitchip', 'Robenia', 'Rhycero', 701, 28417, 'noimage.jpg', 'odio curabitur convallis duis consequat dui nec nisi volutpat eleifend donec ut dolor', '2021-05-26 00:00:00', '2021-09-23 00:00:00', '절판'),
	(481, '419324381-8', '경제', 'Asoka', 'Arnold', 'Twitterworks', 201, 12763, 'noimage.jpg', 'vivamus metus arcu adipiscing molestie hendrerit at vulputate vitae nisl', '2020-10-22 00:00:00', '2021-09-23 00:00:00', '판매중'),
	(482, '521437085-7', '소설', 'Kanlam', 'Arman', 'Katz', 458, 16365, 'noimage.jpg', 'consequat varius integer ac leo pellentesque ultrices mattis odio donec vitae nisi nam ultrices', '2020-12-01 00:00:00', '2021-09-23 00:00:00', '구편절판'),
	(483, '119099620-0', '소설', 'Toughjoyfax', 'Annadiana', 'Edgepulse', 896, 11382, 'noimage.jpg', 'volutpat dui maecenas tristique est et tempus semper est quam pharetra magna ac consequat metus sapien ut nunc vestibulum', '2021-06-14 00:00:00', '2021-09-23 00:00:00', '구편절판'),
	(484, '469888996-0', '외국어', 'Sonair', 'Roderick', 'Camido', 618, 8286, 'noimage.jpg', 'lacinia eget tincidunt eget tempus vel pede morbi porttitor lorem id ligula suspendisse ornare', '2020-11-24 00:00:00', '2021-09-23 00:00:00', '절판'),
	(485, '444836131-4', '여행', 'Cookley', 'Caz', 'Thoughtstorm', 963, 9931, 'noimage.jpg', 'potenti cras in purus eu magna vulputate luctus cum sociis natoque penatibus et magnis dis parturient montes', '2021-09-21 00:00:00', '2021-09-23 00:00:00', '품절'),
	(486, '068309131-X', '만화', 'Ventosanzap', 'Haydon', 'Jabberbean', 779, 12553, 'noimage.jpg', 'in est risus auctor sed tristique in tempus sit amet sem', '2021-04-08 00:00:00', '2021-09-23 00:00:00', '품절'),
	(487, '169528145-4', '여행', 'Sonair', 'Orin', 'Flashpoint', 301, 14387, 'noimage.jpg', 'pede posuere nonummy integer non velit donec diam neque vestibulum eget vulputate ut ultrices vel augue vestibulum ante ipsum', '2020-10-20 00:00:00', '2021-09-23 00:00:00', '판매중'),
	(488, '792970746-6', '만화', 'Hatity', 'Dayle', 'Izio', 292, 7693, 'noimage.jpg', 'rhoncus dui vel sem sed sagittis nam congue risus semper porta volutpat quam pede lobortis ligula sit amet eleifend', '2021-07-04 00:00:00', '2021-09-23 00:00:00', '판매중'),
	(489, '448944917-8', '외국어', 'Subin', 'Jada', 'Fadeo', 366, 21461, 'noimage.jpg', 'posuere felis sed lacus morbi sem mauris laoreet ut rhoncus aliquet pulvinar sed nisl nunc rhoncus', '2020-11-24 00:00:00', '2021-09-23 00:00:00', '구편절판'),
	(490, '768734714-5', '만화', 'Latlux', 'Normand', 'Bluejam', 270, 19216, 'noimage.jpg', 'proin leo odio porttitor id consequat in consequat ut nulla sed accumsan felis', '2021-07-05 00:00:00', '2021-09-23 00:00:00', '구편절판'),
	(491, '388411844-7', '경제', 'Y-find', 'Nessi', 'Quire', 483, 14417, 'noimage.jpg', 'odio elementum eu interdum eu tincidunt in leo maecenas pulvinar lobortis', '2021-03-11 00:00:00', '2021-09-23 00:00:00', '절판'),
	(492, '527169259-0', '소설', 'Tempsoft', 'Lula', 'Eabox', 429, 10000, 'noimage.jpg', 'eget elit sodales scelerisque mauris sit amet eros suspendisse accumsan tortor quis turpis', '2021-02-06 00:00:00', '2021-09-23 00:00:00', '구편절판'),
	(493, '673063525-8', '여행', 'Stringtough', 'Bale', 'Npath', 272, 6219, 'noimage.jpg', 'luctus tincidunt nulla mollis molestie lorem quisque ut erat curabitur gravida nisi at nibh in hac habitasse', '2020-11-02 00:00:00', '2021-09-23 00:00:00', '절판'),
	(494, '284567666-2', '외국어', 'Flexidy', 'Ardith', 'Dynabox', 606, 22203, 'noimage.jpg', 'praesent lectus vestibulum quam sapien varius ut blandit non interdum in ante vestibulum ante ipsum', '2021-03-18 00:00:00', '2021-09-23 00:00:00', '구편절판'),
	(495, '134614358-7', '경제', 'Bamity', 'Everett', 'Wordware', 543, 25569, 'noimage.jpg', 'nulla eget eros elementum pellentesque quisque porta volutpat erat quisque erat eros viverra', '2021-08-12 00:00:00', '2021-09-23 00:00:00', '구편절판'),
	(496, '985726321-6', '여행', 'Stringtough', 'Pearl', 'Tagtune', 458, 12046, 'noimage.jpg', 'etiam faucibus cursus urna ut tellus nulla ut erat id mauris vulputate elementum nullam varius nulla facilisi cras non', '2020-09-23 00:00:00', '2021-09-23 00:00:00', '판매중'),
	(497, '920091549-3', '여행', 'Fintone', 'Pippy', 'Gabcube', 956, 21230, 'noimage.jpg', 'sit amet eros suspendisse accumsan tortor quis turpis sed ante vivamus', '2020-10-24 00:00:00', '2021-09-23 00:00:00', '품절'),
	(498, '822220016-X', '소설', 'Overhold', 'Vikki', 'Meedoo', 341, 27104, 'noimage.jpg', 'eu magna vulputate luctus cum sociis natoque penatibus et magnis dis parturient montes nascetur ridiculus mus vivamus', '2021-07-16 00:00:00', '2021-09-23 00:00:00', '구편절판'),
	(499, '936719014-X', '경제', 'Zathin', 'Ambros', 'Yakijo', 317, 18795, 'noimage.jpg', 'duis consequat dui nec nisi volutpat eleifend donec ut dolor morbi vel', '2021-08-12 00:00:00', '2021-09-23 00:00:00', '품절'),
	(500, '467422729-1', '경제', 'Zamit', 'Gamaliel', 'Devbug', 742, 20597, 'noimage.jpg', 'vel augue vestibulum ante ipsum primis in faucibus orci luctus et ultrices', '2021-06-23 00:00:00', '2021-09-23 00:00:00', '절판'),
	(501, '284207272-3', '만화', 'Asoka', 'Aubrey', 'Skilith', 354, 13897, 'noimage.jpg', 'in blandit ultrices enim lorem ipsum dolor sit amet consectetuer adipiscing', '2021-08-09 00:00:00', '2021-09-23 00:00:00', '구편절판'),
	(502, '686472666-5', '여행', 'Home Ing', 'Innis', 'Bubbletube', 511, 13876, 'noimage.jpg', 'sem duis aliquam convallis nunc proin at turpis a pede posuere nonummy integer non velit donec', '2021-03-08 00:00:00', '2021-09-23 00:00:00', '품절'),
	(503, '103129844-4', '경제', 'Sonair', 'Trever', 'Innotype', 824, 8569, 'noimage.jpg', 'ac enim in tempor turpis nec euismod scelerisque quam turpis adipiscing lorem vitae', '2020-12-03 00:00:00', '2021-09-23 00:00:00', '판매중'),
	(504, '144569696-7', '외국어', 'Prodder', 'Dewitt', 'Babbleset', 385, 14722, 'noimage.jpg', 'justo nec condimentum neque sapien placerat ante nulla justo aliquam quis turpis eget elit', '2021-08-18 00:00:00', '2021-09-23 00:00:00', '절판'),
	(505, '503090342-9', '소설', 'Pannier', 'Mariana', 'Cogibox', 297, 8940, 'noimage.jpg', 'turpis sed ante vivamus tortor duis mattis egestas metus aenean fermentum', '2021-07-03 00:00:00', '2021-09-23 00:00:00', '품절'),
	(506, '706114304-5', '소설', 'Tempsoft', 'Dosi', 'Jetwire', 716, 5661, 'noimage.jpg', 'ligula sit amet eleifend pede libero quis orci nullam molestie nibh in lectus pellentesque at nulla suspendisse potenti', '2020-11-01 00:00:00', '2021-09-23 00:00:00', '절판'),
	(507, '497239823-X', '외국어', 'Alphazap', 'Arlen', 'Skilith', 782, 19760, 'noimage.jpg', 'augue a suscipit nulla elit ac nulla sed vel enim sit amet', '2021-03-20 00:00:00', '2021-09-23 00:00:00', '구편절판'),
	(508, '903068315-5', '경제', 'Duobam', 'Geralda', 'Jamia', 461, 10726, 'noimage.jpg', 'morbi non quam nec dui luctus rutrum nulla tellus in sagittis dui vel nisl duis ac nibh fusce', '2020-12-11 00:00:00', '2021-09-23 00:00:00', '품절'),
	(509, '832546542-5', '외국어', 'Sonair', 'Harriett', 'Voonix', 829, 19397, 'noimage.jpg', 'sapien a libero nam dui proin leo odio porttitor id consequat in consequat ut nulla sed accumsan felis ut', '2020-12-26 00:00:00', '2021-09-23 00:00:00', '판매중'),
	(510, '277902696-0', '외국어', 'Tampflex', 'Richy', 'Yadel', 600, 21254, 'noimage.jpg', 'quis turpis eget elit sodales scelerisque mauris sit amet eros suspendisse accumsan tortor', '2021-05-30 00:00:00', '2021-09-23 00:00:00', '구편절판'),
	(511, '863415494-7', '외국어', 'Duobam', 'Frasier', 'Flashspan', 759, 27076, 'noimage.jpg', 'etiam faucibus cursus urna ut tellus nulla ut erat id mauris', '2020-11-22 00:00:00', '2021-09-23 00:00:00', '판매중'),
	(512, '299999160-6', '만화', 'Tresom', 'Trix', 'Gabvine', 298, 7485, 'noimage.jpg', 'iaculis congue vivamus metus arcu adipiscing molestie hendrerit at vulputate vitae nisl aenean lectus pellentesque eget nunc donec quis orci', '2021-01-11 00:00:00', '2021-09-23 00:00:00', '품절'),
	(513, '537698211-4', '여행', 'Latlux', 'Bruno', 'Vinte', 872, 24778, 'noimage.jpg', 'tempor turpis nec euismod scelerisque quam turpis adipiscing lorem vitae mattis nibh ligula nec sem duis aliquam', '2021-03-29 00:00:00', '2021-09-23 00:00:00', '구편절판'),
	(514, '263182025-8', '외국어', 'Overhold', 'Abbey', 'Roomm', 780, 22618, 'noimage.jpg', 'sem duis aliquam convallis nunc proin at turpis a pede posuere nonummy integer non velit donec diam neque vestibulum eget', '2021-03-11 00:00:00', '2021-09-23 00:00:00', '구편절판'),
	(515, '735411429-4', '외국어', 'Mat Lam Tam', 'Tony', 'Photobean', 186, 28630, 'noimage.jpg', 'integer ac neque duis bibendum morbi non quam nec dui', '2021-08-05 00:00:00', '2021-09-23 00:00:00', '판매중'),
	(516, '293332586-1', '소설', 'Cardify', 'Stillmann', 'Thoughtbridge', 659, 6781, 'noimage.jpg', 'convallis eget eleifend luctus ultricies eu nibh quisque id justo sit amet sapien dignissim vestibulum vestibulum', '2021-08-15 00:00:00', '2021-09-23 00:00:00', '판매중'),
	(517, '979008591-5', '만화', 'Alpha', 'Mathilda', 'Livetube', 129, 26971, 'noimage.jpg', 'odio cras mi pede malesuada in imperdiet et commodo vulputate', '2020-11-01 00:00:00', '2021-09-23 00:00:00', '품절'),
	(518, '356295026-8', '소설', 'Greenlam', 'Eachelle', 'Abatz', 280, 19510, 'noimage.jpg', 'vestibulum sit amet cursus id turpis integer aliquet massa id lobortis convallis tortor risus dapibus augue vel', '2020-11-13 00:00:00', '2021-09-23 00:00:00', '품절'),
	(519, '342656900-0', '경제', 'Fintone', 'Jaymie', 'Quire', 809, 23729, 'noimage.jpg', 'congue eget semper rutrum nulla nunc purus phasellus in felis donec semper sapien a libero', '2021-09-20 00:00:00', '2021-09-23 00:00:00', '구편절판'),
	(520, '846523667-4', '경제', 'Hatity', 'Jewel', 'Miboo', 977, 5811, 'noimage.jpg', 'quam nec dui luctus rutrum nulla tellus in sagittis dui vel nisl duis ac nibh', '2020-10-18 00:00:00', '2021-09-23 00:00:00', '구편절판'),
	(521, '948188936-X', '경제', 'Stim', 'Jeddy', 'Skimia', 184, 27986, 'noimage.jpg', 'rhoncus aliquet pulvinar sed nisl nunc rhoncus dui vel sem sed', '2021-08-26 00:00:00', '2021-09-23 00:00:00', '품절'),
	(522, '769133132-0', '소설', 'Trippledex', 'Brana', 'Browseblab', 511, 14824, 'noimage.jpg', 'tortor sollicitudin mi sit amet lobortis sapien sapien non mi integer ac neque duis', '2021-03-29 00:00:00', '2021-09-23 00:00:00', '구편절판'),
	(523, '224987990-7', '경제', 'Transcof', 'Bella', 'Devify', 661, 13587, 'noimage.jpg', 'mauris ullamcorper purus sit amet nulla quisque arcu libero rutrum ac lobortis vel dapibus at diam nam tristique', '2021-08-20 00:00:00', '2021-09-23 00:00:00', '절판'),
	(524, '284056454-8', '소설', 'Stronghold', 'Artemus', 'Jayo', 988, 29246, 'noimage.jpg', 'consequat lectus in est risus auctor sed tristique in tempus sit amet sem fusce consequat nulla nisl nunc', '2021-09-22 00:00:00', '2021-09-23 00:00:00', '절판'),
	(525, '970494154-4', '외국어', 'Gembucket', 'Jacintha', 'Browsedrive', 240, 8833, 'noimage.jpg', 'ipsum primis in faucibus orci luctus et ultrices posuere cubilia curae duis faucibus', '2021-03-29 00:00:00', '2021-09-23 00:00:00', '판매중'),
	(526, '321818174-7', '소설', 'Sonair', 'Isis', 'Yakijo', 479, 28288, 'noimage.jpg', 'non interdum in ante vestibulum ante ipsum primis in faucibus orci luctus et ultrices posuere cubilia curae', '2021-03-08 00:00:00', '2021-09-23 00:00:00', '구편절판'),
	(527, '718129636-1', '소설', 'Biodex', 'Aundrea', 'Trupe', 292, 11866, 'noimage.jpg', 'justo morbi ut odio cras mi pede malesuada in imperdiet et commodo vulputate', '2020-11-25 00:00:00', '2021-09-23 00:00:00', '품절'),
	(528, '295229029-6', '경제', 'Fix San', 'Lon', 'Browsezoom', 822, 9106, 'noimage.jpg', 'sed justo pellentesque viverra pede ac diam cras pellentesque volutpat', '2021-01-10 00:00:00', '2021-09-23 00:00:00', '판매중'),
	(529, '336604240-0', '만화', 'Zoolab', 'Gill', 'Devify', 210, 22865, 'noimage.jpg', 'pretium iaculis diam erat fermentum justo nec condimentum neque sapien placerat ante nulla justo aliquam', '2021-02-10 00:00:00', '2021-09-23 00:00:00', '구편절판'),
	(530, '388666263-2', '소설', 'Andalax', 'Oswald', 'Photobug', 576, 9936, 'noimage.jpg', 'vitae consectetuer eget rutrum at lorem integer tincidunt ante vel ipsum praesent blandit lacinia erat', '2020-10-07 00:00:00', '2021-09-23 00:00:00', '품절'),
	(531, '693617274-1', '여행', 'Vagram', 'Sallyann', 'Fiveclub', 561, 29739, 'noimage.jpg', 'ante ipsum primis in faucibus orci luctus et ultrices posuere cubilia curae duis faucibus accumsan odio curabitur', '2021-08-28 00:00:00', '2021-09-23 00:00:00', '절판'),
	(532, '465972293-7', '소설', 'It', 'Sauncho', 'Mynte', 905, 12801, 'noimage.jpg', 'nascetur ridiculus mus vivamus vestibulum sagittis sapien cum sociis natoque penatibus et magnis dis parturient montes', '2020-12-27 00:00:00', '2021-09-23 00:00:00', '판매중'),
	(533, '608471181-2', '소설', 'Zaam-Dox', 'Daffie', 'Myworks', 702, 19710, 'noimage.jpg', 'vehicula consequat morbi a ipsum integer a nibh in quis justo maecenas rhoncus aliquam lacus morbi quis tortor id nulla', '2021-01-07 00:00:00', '2021-09-23 00:00:00', '절판'),
	(534, '572530979-7', '소설', 'It', 'Nilson', 'Layo', 766, 14164, 'noimage.jpg', 'felis sed lacus morbi sem mauris laoreet ut rhoncus aliquet pulvinar sed nisl nunc rhoncus dui vel sem', '2021-03-30 00:00:00', '2021-09-23 00:00:00', '구편절판'),
	(535, '010058740-2', '만화', 'Voltsillam', 'Floria', 'Skaboo', 376, 8513, 'noimage.jpg', 'cursus vestibulum proin eu mi nulla ac enim in tempor turpis nec euismod scelerisque', '2021-03-24 00:00:00', '2021-09-23 00:00:00', '품절'),
	(536, '577808219-3', '소설', 'Viva', 'Niccolo', 'Skiptube', 735, 11403, 'noimage.jpg', 'quam turpis adipiscing lorem vitae mattis nibh ligula nec sem duis aliquam convallis', '2021-02-05 00:00:00', '2021-09-23 00:00:00', '품절'),
	(537, '559582717-3', '소설', 'Bamity', 'Edy', 'Gigazoom', 833, 20482, 'noimage.jpg', 'vestibulum sagittis sapien cum sociis natoque penatibus et magnis dis parturient montes nascetur ridiculus mus etiam vel', '2021-08-30 00:00:00', '2021-09-23 00:00:00', '품절'),
	(538, '784292113-X', '여행', 'Bitwolf', 'Sissie', 'Flipopia', 457, 27169, 'noimage.jpg', 'justo nec condimentum neque sapien placerat ante nulla justo aliquam quis turpis eget elit sodales scelerisque mauris sit amet', '2020-12-07 00:00:00', '2021-09-23 00:00:00', '절판'),
	(539, '474599799-X', '만화', 'Zathin', 'Lu', 'Gabvine', 281, 8185, 'noimage.jpg', 'proin risus praesent lectus vestibulum quam sapien varius ut blandit non interdum', '2021-05-06 00:00:00', '2021-09-23 00:00:00', '구편절판'),
	(540, '493570931-6', '경제', 'Latlux', 'Colly', 'Skilith', 923, 26540, 'noimage.jpg', 'consectetuer adipiscing elit proin risus praesent lectus vestibulum quam sapien varius', '2021-01-25 00:00:00', '2021-09-23 00:00:00', '품절'),
	(541, '768763001-7', '경제', 'Transcof', 'Renado', 'Realmix', 302, 24247, 'noimage.jpg', 'morbi non lectus aliquam sit amet diam in magna bibendum imperdiet nullam orci pede venenatis non sodales sed tincidunt eu', '2021-07-28 00:00:00', '2021-09-23 00:00:00', '구편절판'),
	(542, '563786203-6', '만화', 'Gembucket', 'Rhody', 'Linktype', 702, 12791, 'noimage.jpg', 'aliquam lacus morbi quis tortor id nulla ultrices aliquet maecenas leo odio condimentum id luctus nec molestie sed', '2021-01-08 00:00:00', '2021-09-23 00:00:00', '절판'),
	(543, '800914102-X', '외국어', 'Sonsing', 'Danya', 'Skimia', 805, 7557, 'noimage.jpg', 'nisl nunc nisl duis bibendum felis sed interdum venenatis turpis', '2021-03-10 00:00:00', '2021-09-23 00:00:00', '구편절판'),
	(544, '266069216-5', '경제', 'Cardguard', 'Freeland', 'Latz', 429, 20202, 'noimage.jpg', 'magna bibendum imperdiet nullam orci pede venenatis non sodales sed tincidunt eu felis fusce posuere', '2021-05-11 00:00:00', '2021-09-23 00:00:00', '절판'),
	(545, '466495383-6', '만화', 'Konklab', 'Jacky', 'Fatz', 294, 26622, 'noimage.jpg', 'vitae nisl aenean lectus pellentesque eget nunc donec quis orci eget orci vehicula', '2021-04-12 00:00:00', '2021-09-23 00:00:00', '구편절판'),
	(546, '238451465-2', '만화', 'Quo Lux', 'Nikolia', 'Avaveo', 441, 24507, 'noimage.jpg', 'aliquam lacus morbi quis tortor id nulla ultrices aliquet maecenas leo odio condimentum id luctus nec molestie sed justo pellentesque', '2021-08-16 00:00:00', '2021-09-23 00:00:00', '구편절판'),
	(547, '709646486-7', '만화', 'Sub-Ex', 'Nolan', 'Trilia', 232, 23121, 'noimage.jpg', 'integer non velit donec diam neque vestibulum eget vulputate ut ultrices vel', '2021-03-23 00:00:00', '2021-09-23 00:00:00', '판매중'),
	(548, '284350468-6', '외국어', 'Zathin', 'Celesta', 'Skiba', 515, 26498, 'noimage.jpg', 'sem praesent id massa id nisl venenatis lacinia aenean sit amet justo morbi ut odio cras mi', '2021-08-02 00:00:00', '2021-09-23 00:00:00', '절판'),
	(549, '479894196-4', '여행', 'Latlux', 'Minnaminnie', 'Wikivu', 408, 5177, 'noimage.jpg', 'ante ipsum primis in faucibus orci luctus et ultrices posuere cubilia curae mauris viverra diam', '2020-11-26 00:00:00', '2021-09-23 00:00:00', '절판'),
	(550, '284277737-9', '외국어', 'Y-Solowarm', 'Herve', 'Zoonoodle', 313, 10879, 'noimage.jpg', 'ridiculus mus etiam vel augue vestibulum rutrum rutrum neque aenean auctor gravida sem praesent id massa id nisl venenatis', '2020-11-24 00:00:00', '2021-09-23 00:00:00', '판매중'),
	(551, '742612015-5', '외국어', 'Greenlam', 'Konstance', 'Edgeclub', 103, 16554, 'noimage.jpg', 'mauris ullamcorper purus sit amet nulla quisque arcu libero rutrum ac lobortis', '2021-05-15 00:00:00', '2021-09-23 00:00:00', '구편절판'),
	(552, '285412796-X', '외국어', 'Y-find', 'Ignaz', 'Yakitri', 595, 10211, 'noimage.jpg', 'lorem ipsum dolor sit amet consectetuer adipiscing elit proin risus praesent lectus vestibulum quam sapien varius ut blandit', '2021-05-07 00:00:00', '2021-09-23 00:00:00', '절판'),
	(553, '995726384-6', '만화', 'Tempsoft', 'Mitchael', 'Devpulse', 951, 13220, 'noimage.jpg', 'luctus ultricies eu nibh quisque id justo sit amet sapien dignissim', '2020-12-14 00:00:00', '2021-09-23 00:00:00', '판매중'),
	(554, '281531076-7', '소설', 'Keylex', 'Regan', 'Trilith', 591, 10053, 'noimage.jpg', 'vitae nisi nam ultrices libero non mattis pulvinar nulla pede ullamcorper augue a suscipit nulla elit ac', '2020-09-23 00:00:00', '2021-09-23 00:00:00', '구편절판'),
	(555, '713912175-3', '여행', 'Tin', 'Raf', 'Abatz', 234, 28054, 'noimage.jpg', 'posuere cubilia curae mauris viverra diam vitae quam suspendisse potenti nullam porttitor lacus at turpis donec posuere metus', '2021-01-30 00:00:00', '2021-09-23 00:00:00', '품절'),
	(556, '406435065-0', '외국어', 'Zoolab', 'Pattie', 'Realbuzz', 767, 15686, 'noimage.jpg', 'eros viverra eget congue eget semper rutrum nulla nunc purus phasellus', '2021-04-23 00:00:00', '2021-09-23 00:00:00', '절판'),
	(557, '705536322-5', '소설', 'It', 'Micheil', 'Topicblab', 176, 28460, 'noimage.jpg', 'mauris laoreet ut rhoncus aliquet pulvinar sed nisl nunc rhoncus dui vel sem sed sagittis', '2021-04-30 00:00:00', '2021-09-23 00:00:00', '구편절판'),
	(558, '808739177-2', '여행', 'Konklab', 'Pacorro', 'Meevee', 879, 7476, 'noimage.jpg', 'posuere cubilia curae donec pharetra magna vestibulum aliquet ultrices erat tortor sollicitudin mi sit amet lobortis', '2021-03-12 00:00:00', '2021-09-23 00:00:00', '판매중'),
	(559, '296023893-1', '외국어', 'Span', 'Kele', 'Avamm', 978, 14973, 'noimage.jpg', 'mauris vulputate elementum nullam varius nulla facilisi cras non velit nec nisi vulputate nonummy maecenas tincidunt lacus at velit vivamus', '2020-11-28 00:00:00', '2021-09-23 00:00:00', '판매중'),
	(560, '101430464-4', '소설', 'Sonsing', 'Thorn', 'Buzzshare', 423, 12540, 'noimage.jpg', 'pede venenatis non sodales sed tincidunt eu felis fusce posuere felis sed lacus morbi sem mauris laoreet ut', '2021-04-15 00:00:00', '2021-09-23 00:00:00', '구편절판'),
	(561, '079870491-8', '만화', 'Subin', 'Currie', 'Talane', 682, 7018, 'noimage.jpg', 'fermentum justo nec condimentum neque sapien placerat ante nulla justo aliquam quis turpis eget', '2021-08-04 00:00:00', '2021-09-23 00:00:00', '품절'),
	(562, '867658096-0', '만화', 'Hatity', 'Hymie', 'Oyope', 427, 14091, 'noimage.jpg', 'nulla dapibus dolor vel est donec odio justo sollicitudin ut suscipit a feugiat et eros vestibulum ac est', '2020-09-25 00:00:00', '2021-09-23 00:00:00', '구편절판'),
	(563, '617921447-6', '여행', 'Holdlamis', 'Dollie', 'Youbridge', 722, 6323, 'noimage.jpg', 'eget tempus vel pede morbi porttitor lorem id ligula suspendisse ornare consequat lectus', '2020-10-14 00:00:00', '2021-09-23 00:00:00', '판매중'),
	(564, '517157629-7', '경제', 'Tin', 'Damiano', 'Yoveo', 748, 8902, 'noimage.jpg', 'condimentum id luctus nec molestie sed justo pellentesque viverra pede', '2021-06-18 00:00:00', '2021-09-23 00:00:00', '절판'),
	(565, '217486437-1', '경제', 'Duobam', 'Matthias', 'Meevee', 109, 25280, 'noimage.jpg', 'purus eu magna vulputate luctus cum sociis natoque penatibus et magnis dis parturient', '2021-02-03 00:00:00', '2021-09-23 00:00:00', '판매중'),
	(566, '546637793-7', '외국어', 'Daltfresh', 'Brandtr', 'Zoomzone', 835, 7187, 'noimage.jpg', 'diam id ornare imperdiet sapien urna pretium nisl ut volutpat sapien arcu sed augue aliquam erat', '2020-10-05 00:00:00', '2021-09-23 00:00:00', '절판'),
	(567, '553331026-6', '소설', 'Flowdesk', 'Georgette', 'Yodel', 577, 22008, 'noimage.jpg', 'donec ut mauris eget massa tempor convallis nulla neque libero convallis eget', '2020-12-10 00:00:00', '2021-09-23 00:00:00', '판매중'),
	(568, '253988402-4', '소설', 'Namfix', 'Mellie', 'Realcube', 894, 21235, 'noimage.jpg', 'condimentum neque sapien placerat ante nulla justo aliquam quis turpis', '2020-11-13 00:00:00', '2021-09-23 00:00:00', '판매중'),
	(569, '012682022-8', '경제', 'Cookley', 'Ediva', 'Innojam', 721, 14549, 'noimage.jpg', 'dictumst morbi vestibulum velit id pretium iaculis diam erat fermentum justo nec condimentum neque sapien placerat ante', '2021-02-04 00:00:00', '2021-09-23 00:00:00', '품절'),
	(570, '980832250-6', '만화', 'It', 'Ivonne', 'Skivee', 976, 8213, 'noimage.jpg', 'faucibus accumsan odio curabitur convallis duis consequat dui nec nisi volutpat', '2021-06-08 00:00:00', '2021-09-23 00:00:00', '구편절판'),
	(571, '729913561-2', '소설', 'Bitwolf', 'Randell', 'Kaymbo', 538, 21013, 'noimage.jpg', 'ligula in lacus curabitur at ipsum ac tellus semper interdum mauris ullamcorper purus sit amet nulla quisque', '2021-07-01 00:00:00', '2021-09-23 00:00:00', '판매중'),
	(572, '751453490-3', '만화', 'Aerified', 'Bartholomeo', 'Yamia', 492, 23383, 'noimage.jpg', 'turpis a pede posuere nonummy integer non velit donec diam neque vestibulum eget vulputate', '2021-02-16 00:00:00', '2021-09-23 00:00:00', '구편절판'),
	(573, '329895642-2', '만화', 'Redhold', 'Leda', 'Skynoodle', 135, 13571, 'noimage.jpg', 'et ultrices posuere cubilia curae mauris viverra diam vitae quam suspendisse potenti nullam', '2021-07-22 00:00:00', '2021-09-23 00:00:00', '품절'),
	(574, '086400828-7', '경제', 'Keylex', 'Gretna', 'Feedfire', 549, 26555, 'noimage.jpg', 'vestibulum proin eu mi nulla ac enim in tempor turpis nec', '2020-10-21 00:00:00', '2021-09-23 00:00:00', '절판'),
	(575, '566931151-5', '여행', 'Matsoft', 'Madelaine', 'Buzzbean', 524, 26772, 'noimage.jpg', 'nam nulla integer pede justo lacinia eget tincidunt eget tempus vel', '2021-08-04 00:00:00', '2021-09-23 00:00:00', '판매중'),
	(576, '334471997-1', '여행', 'Matsoft', 'Martainn', 'Feedfire', 913, 20588, 'noimage.jpg', 'ante vestibulum ante ipsum primis in faucibus orci luctus et ultrices posuere cubilia curae', '2020-11-12 00:00:00', '2021-09-23 00:00:00', '판매중'),
	(577, '555579795-8', '만화', 'Keylex', 'Ursulina', 'Topdrive', 722, 10355, 'noimage.jpg', 'morbi vel lectus in quam fringilla rhoncus mauris enim leo rhoncus sed vestibulum', '2020-10-14 00:00:00', '2021-09-23 00:00:00', '절판'),
	(578, '814914064-6', '만화', 'Kanlam', 'Nickie', 'Pixope', 715, 25626, 'noimage.jpg', 'amet sem fusce consequat nulla nisl nunc nisl duis bibendum felis sed interdum venenatis turpis enim blandit mi', '2021-09-09 00:00:00', '2021-09-23 00:00:00', '품절'),
	(579, '428513844-1', '여행', 'Domainer', 'Kassia', 'Demizz', 538, 6626, 'noimage.jpg', 'eget elit sodales scelerisque mauris sit amet eros suspendisse accumsan tortor quis turpis sed ante vivamus tortor duis', '2021-04-26 00:00:00', '2021-09-23 00:00:00', '구편절판'),
	(580, '428136316-5', '외국어', 'Keylex', 'Gaelan', 'Chatterbridge', 829, 13737, 'noimage.jpg', 'auctor sed tristique in tempus sit amet sem fusce consequat nulla', '2021-06-09 00:00:00', '2021-09-23 00:00:00', '절판'),
	(581, '242941740-5', '경제', 'Andalax', 'Jeramey', 'Feedfish', 199, 28984, 'noimage.jpg', 'nulla elit ac nulla sed vel enim sit amet nunc', '2021-04-13 00:00:00', '2021-09-23 00:00:00', '구편절판'),
	(582, '866634326-5', '만화', 'Otcom', 'Nealon', 'Eadel', 742, 29250, 'noimage.jpg', 'amet diam in magna bibendum imperdiet nullam orci pede venenatis non sodales sed tincidunt eu felis', '2021-03-29 00:00:00', '2021-09-23 00:00:00', '구편절판'),
	(583, '633411531-6', '소설', 'Duobam', 'Gracia', 'Cogilith', 319, 26961, 'noimage.jpg', 'vel ipsum praesent blandit lacinia erat vestibulum sed magna at nunc commodo placerat praesent blandit nam nulla', '2021-07-02 00:00:00', '2021-09-23 00:00:00', '절판'),
	(584, '986738228-5', '만화', 'Bytecard', 'Carleen', 'Zoomlounge', 830, 9520, 'noimage.jpg', 'urna ut tellus nulla ut erat id mauris vulputate elementum nullam varius', '2021-03-31 00:00:00', '2021-09-23 00:00:00', '품절'),
	(585, '743625841-9', '만화', 'Konklab', 'Dulciana', 'Babblestorm', 324, 14106, 'noimage.jpg', 'sagittis sapien cum sociis natoque penatibus et magnis dis parturient montes', '2021-05-10 00:00:00', '2021-09-23 00:00:00', '구편절판'),
	(586, '875866904-3', '경제', 'Solarbreeze', 'Louisa', 'Jabberbean', 173, 18723, 'noimage.jpg', 'habitasse platea dictumst maecenas ut massa quis augue luctus tincidunt nulla mollis molestie', '2021-05-29 00:00:00', '2021-09-23 00:00:00', '구편절판'),
	(587, '060305143-X', '경제', 'Opela', 'Shaylyn', 'Skynoodle', 394, 15915, 'noimage.jpg', 'leo rhoncus sed vestibulum sit amet cursus id turpis integer aliquet massa id lobortis convallis tortor', '2021-05-30 00:00:00', '2021-09-23 00:00:00', '구편절판'),
	(588, '419883008-8', '여행', 'Opela', 'Britt', 'Browsetype', 770, 6848, 'noimage.jpg', 'aliquam erat volutpat in congue etiam justo etiam pretium iaculis justo in hac', '2021-04-24 00:00:00', '2021-09-23 00:00:00', '판매중'),
	(589, '618622421-X', '소설', 'Hatity', 'Janaye', 'Tagtune', 106, 13309, 'noimage.jpg', 'pellentesque ultrices mattis odio donec vitae nisi nam ultrices libero non mattis pulvinar', '2021-02-28 00:00:00', '2021-09-23 00:00:00', '판매중'),
	(590, '433985440-9', '여행', 'Span', 'Katey', 'Mydeo', 906, 13594, 'noimage.jpg', 'sapien quis libero nullam sit amet turpis elementum ligula vehicula', '2020-12-16 00:00:00', '2021-09-23 00:00:00', '구편절판'),
	(591, '226250481-4', '여행', 'Bigtax', 'Hilde', 'Teklist', 284, 27766, 'noimage.jpg', 'vel accumsan tellus nisi eu orci mauris lacinia sapien quis libero nullam sit amet turpis elementum', '2021-04-19 00:00:00', '2021-09-23 00:00:00', '품절'),
	(592, '418608882-9', '경제', 'Alpha', 'Gillan', 'Avaveo', 232, 23637, 'noimage.jpg', 'sapien urna pretium nisl ut volutpat sapien arcu sed augue aliquam erat volutpat in congue etiam justo etiam pretium', '2021-08-01 00:00:00', '2021-09-23 00:00:00', '판매중'),
	(593, '023670185-1', '여행', 'Cardguard', 'Yasmeen', 'Realbridge', 729, 25845, 'noimage.jpg', 'vitae mattis nibh ligula nec sem duis aliquam convallis nunc proin at turpis a pede posuere nonummy integer', '2021-05-15 00:00:00', '2021-09-23 00:00:00', '구편절판'),
	(594, '422600570-8', '소설', 'Bigtax', 'Mathe', 'Gigaclub', 302, 21096, 'noimage.jpg', 'diam id ornare imperdiet sapien urna pretium nisl ut volutpat sapien arcu sed augue aliquam', '2021-03-20 00:00:00', '2021-09-23 00:00:00', '절판'),
	(595, '364662608-9', '여행', 'Latlux', 'Toby', 'Photospace', 808, 27399, 'noimage.jpg', 'odio cras mi pede malesuada in imperdiet et commodo vulputate justo in blandit ultrices', '2021-03-17 00:00:00', '2021-09-23 00:00:00', '절판'),
	(596, '083058768-3', '만화', 'Vagram', 'Hendrik', 'Jaxspan', 604, 20573, 'noimage.jpg', 'lacus purus aliquet at feugiat non pretium quis lectus suspendisse potenti in eleifend quam a odio in', '2021-07-23 00:00:00', '2021-09-23 00:00:00', '절판'),
	(597, '356726411-7', '경제', 'Overhold', 'Arda', 'Quimm', 980, 6929, 'noimage.jpg', 'suspendisse potenti cras in purus eu magna vulputate luctus cum sociis natoque penatibus et magnis dis parturient montes', '2021-04-19 00:00:00', '2021-09-23 00:00:00', '구편절판'),
	(598, '018374855-7', '소설', 'Wrapsafe', 'Mareah', 'Zoozzy', 359, 7094, 'noimage.jpg', 'vulputate luctus cum sociis natoque penatibus et magnis dis parturient montes nascetur ridiculus mus vivamus vestibulum sagittis sapien cum sociis', '2021-03-07 00:00:00', '2021-09-23 00:00:00', '품절'),
	(599, '999381042-8', '소설', 'Sonsing', 'Chandler', 'Oyoloo', 997, 13978, 'noimage.jpg', 'parturient montes nascetur ridiculus mus vivamus vestibulum sagittis sapien cum', '2021-05-31 00:00:00', '2021-09-23 00:00:00', '품절'),
	(600, '730207958-7', '외국어', 'Cardify', 'Sabina', 'Gabcube', 229, 11643, 'noimage.jpg', 'suscipit nulla elit ac nulla sed vel enim sit amet nunc viverra dapibus', '2020-11-27 00:00:00', '2021-09-23 00:00:00', '구편절판'),
	(601, '732948861-5', '만화', 'Fix San', 'Belicia', 'Browsedrive', 655, 21130, 'noimage.jpg', 'diam id ornare imperdiet sapien urna pretium nisl ut volutpat sapien arcu sed augue aliquam erat', '2020-10-20 00:00:00', '2021-09-23 00:00:00', '품절'),
	(602, '820032170-3', '외국어', 'Tres-Zap', 'Wes', 'Blogtag', 972, 13724, 'noimage.jpg', 'habitasse platea dictumst morbi vestibulum velit id pretium iaculis diam erat fermentum justo nec condimentum neque sapien placerat ante nulla', '2021-09-01 00:00:00', '2021-09-23 00:00:00', '구편절판'),
	(603, '248469578-0', '만화', 'Zamit', 'Emery', 'Zoomcast', 458, 14071, 'noimage.jpg', 'amet erat nulla tempus vivamus in felis eu sapien cursus', '2021-01-09 00:00:00', '2021-09-23 00:00:00', '판매중'),
	(604, '980608576-0', '만화', 'Prodder', 'Cheryl', 'Dabtype', 283, 21101, 'noimage.jpg', 'at vulputate vitae nisl aenean lectus pellentesque eget nunc donec quis orci', '2021-02-08 00:00:00', '2021-09-23 00:00:00', '품절'),
	(605, '271843756-1', '경제', 'Fix San', 'Valentijn', 'Buzzbean', 735, 29025, 'noimage.jpg', 'bibendum felis sed interdum venenatis turpis enim blandit mi in porttitor pede justo eu massa donec dapibus duis', '2021-07-10 00:00:00', '2021-09-23 00:00:00', '품절'),
	(606, '485701278-2', '소설', 'Zaam-Dox', 'Sumner', 'Voonyx', 549, 24992, 'noimage.jpg', 'volutpat eleifend donec ut dolor morbi vel lectus in quam fringilla', '2021-07-31 00:00:00', '2021-09-23 00:00:00', '절판'),
	(607, '991424510-2', '만화', 'Ventosanzap', 'Denni', 'Browsezoom', 875, 13248, 'noimage.jpg', 'pede malesuada in imperdiet et commodo vulputate justo in blandit ultrices enim lorem ipsum', '2021-02-10 00:00:00', '2021-09-23 00:00:00', '구편절판'),
	(608, '451770902-7', '경제', 'Ventosanzap', 'Gerty', 'Kazio', 427, 18428, 'noimage.jpg', 'vestibulum quam sapien varius ut blandit non interdum in ante vestibulum ante ipsum', '2021-09-06 00:00:00', '2021-09-23 00:00:00', '절판'),
	(609, '870525102-8', '경제', 'Rank', 'Constanta', 'Twinte', 558, 6188, 'noimage.jpg', 'porttitor id consequat in consequat ut nulla sed accumsan felis ut at', '2021-03-05 00:00:00', '2021-09-23 00:00:00', '절판'),
	(610, '273032634-0', '경제', 'Tampflex', 'Cynthie', 'Gabvine', 821, 6812, 'noimage.jpg', 'sit amet sapien dignissim vestibulum vestibulum ante ipsum primis in faucibus', '2021-06-03 00:00:00', '2021-09-23 00:00:00', '구편절판'),
	(611, '698854684-7', '외국어', 'Tampflex', 'Barth', 'Trudoo', 558, 5756, 'noimage.jpg', 'nulla tempus vivamus in felis eu sapien cursus vestibulum proin', '2021-08-10 00:00:00', '2021-09-23 00:00:00', '품절'),
	(612, '847485774-0', '여행', 'Toughjoyfax', 'Tamar', 'Youbridge', 364, 27587, 'noimage.jpg', 'nulla ultrices aliquet maecenas leo odio condimentum id luctus nec molestie sed justo pellentesque viverra pede ac diam cras', '2021-01-29 00:00:00', '2021-09-23 00:00:00', '구편절판'),
	(613, '559180961-8', '만화', 'Treeflex', 'Cari', 'Centidel', 889, 17342, 'noimage.jpg', 'eu felis fusce posuere felis sed lacus morbi sem mauris laoreet ut rhoncus aliquet pulvinar sed nisl nunc rhoncus dui', '2021-07-14 00:00:00', '2021-09-23 00:00:00', '절판'),
	(614, '835482704-6', '외국어', 'Home Ing', 'Hanson', 'Ozu', 998, 5949, 'noimage.jpg', 'amet nunc viverra dapibus nulla suscipit ligula in lacus curabitur at ipsum ac tellus semper interdum mauris', '2021-02-18 00:00:00', '2021-09-23 00:00:00', '절판'),
	(615, '495452123-8', '소설', 'Quo Lux', 'Dennie', 'Oyondu', 811, 27931, 'noimage.jpg', 'turpis elementum ligula vehicula consequat morbi a ipsum integer a nibh in quis justo', '2021-01-16 00:00:00', '2021-09-23 00:00:00', '판매중'),
	(616, '310657105-5', '여행', 'Tampflex', 'Kara-lynn', 'Jabbersphere', 557, 14632, 'noimage.jpg', 'pede lobortis ligula sit amet eleifend pede libero quis orci nullam molestie nibh in lectus pellentesque at nulla suspendisse', '2021-04-27 00:00:00', '2021-09-23 00:00:00', '절판'),
	(617, '727801238-4', '경제', 'Stronghold', 'Virginia', 'Realmix', 922, 12747, 'noimage.jpg', 'consequat morbi a ipsum integer a nibh in quis justo maecenas rhoncus aliquam lacus morbi quis tortor', '2021-03-11 00:00:00', '2021-09-23 00:00:00', '판매중'),
	(618, '984884281-0', '경제', 'Bitchip', 'Raffarty', 'Shuffletag', 364, 29045, 'noimage.jpg', 'aenean fermentum donec ut mauris eget massa tempor convallis nulla neque libero convallis eget eleifend luctus ultricies eu', '2021-05-24 00:00:00', '2021-09-23 00:00:00', '품절'),
	(619, '983062516-8', '외국어', 'Quo Lux', 'Latia', 'Edgewire', 363, 16494, 'noimage.jpg', 'eget rutrum at lorem integer tincidunt ante vel ipsum praesent blandit lacinia erat vestibulum', '2020-11-30 00:00:00', '2021-09-23 00:00:00', '절판'),
	(620, '738852163-1', '경제', 'Daltfresh', 'Delinda', 'Trilith', 798, 5061, 'noimage.jpg', 'libero nullam sit amet turpis elementum ligula vehicula consequat morbi a ipsum', '2021-04-25 00:00:00', '2021-09-23 00:00:00', '절판'),
	(621, '602468756-7', '소설', 'Opela', 'Helli', 'Fliptune', 354, 19242, 'noimage.jpg', 'ligula pellentesque ultrices phasellus id sapien in sapien iaculis congue vivamus metus arcu adipiscing molestie hendrerit', '2021-05-01 00:00:00', '2021-09-23 00:00:00', '절판'),
	(622, '622976502-0', '경제', 'Domainer', 'Tarrah', 'Trudeo', 159, 8387, 'noimage.jpg', 'vel est donec odio justo sollicitudin ut suscipit a feugiat et eros vestibulum ac est lacinia nisi venenatis tristique', '2021-02-10 00:00:00', '2021-09-23 00:00:00', '품절'),
	(623, '463145347-8', '여행', 'Span', 'Vanni', 'Mydo', 152, 21290, 'noimage.jpg', 'cursus vestibulum proin eu mi nulla ac enim in tempor turpis', '2021-02-17 00:00:00', '2021-09-23 00:00:00', '구편절판'),
	(624, '289294215-2', '외국어', 'Flowdesk', 'Cherise', 'Yoveo', 855, 12809, 'noimage.jpg', 'nec condimentum neque sapien placerat ante nulla justo aliquam quis turpis eget elit sodales scelerisque mauris sit', '2020-10-21 00:00:00', '2021-09-23 00:00:00', '구편절판'),
	(625, '686716943-0', '외국어', 'Tin', 'Maxie', 'Realbridge', 517, 19162, 'noimage.jpg', 'ut dolor morbi vel lectus in quam fringilla rhoncus mauris enim', '2020-12-02 00:00:00', '2021-09-23 00:00:00', '절판'),
	(626, '498420121-5', '경제', 'Alpha', 'Reggy', 'Meeveo', 656, 20879, 'noimage.jpg', 'augue vestibulum ante ipsum primis in faucibus orci luctus et ultrices posuere cubilia', '2021-07-04 00:00:00', '2021-09-23 00:00:00', '구편절판'),
	(627, '081897598-9', '만화', 'Latlux', 'Gearard', 'Zoozzy', 282, 28430, 'noimage.jpg', 'congue etiam justo etiam pretium iaculis justo in hac habitasse platea dictumst etiam faucibus cursus urna ut tellus', '2021-08-06 00:00:00', '2021-09-23 00:00:00', '절판'),
	(628, '472017148-6', '여행', 'Gembucket', 'Simona', 'Ntag', 747, 20127, 'noimage.jpg', 'nulla dapibus dolor vel est donec odio justo sollicitudin ut suscipit a', '2021-02-07 00:00:00', '2021-09-23 00:00:00', '절판'),
	(629, '086735805-X', '만화', 'Hatity', 'Karlee', 'Gabcube', 234, 27806, 'noimage.jpg', 'vestibulum velit id pretium iaculis diam erat fermentum justo nec condimentum neque sapien placerat ante nulla justo aliquam', '2021-08-08 00:00:00', '2021-09-23 00:00:00', '판매중'),
	(630, '707172817-8', '외국어', 'Redhold', 'Alix', 'Tagopia', 269, 12312, 'noimage.jpg', 'luctus et ultrices posuere cubilia curae mauris viverra diam vitae quam suspendisse potenti nullam porttitor', '2021-01-15 00:00:00', '2021-09-23 00:00:00', '판매중'),
	(631, '854909669-5', '외국어', 'Andalax', 'Lulita', 'Riffpedia', 404, 16612, 'noimage.jpg', 'quam turpis adipiscing lorem vitae mattis nibh ligula nec sem duis aliquam convallis nunc proin', '2021-09-12 00:00:00', '2021-09-23 00:00:00', '판매중'),
	(632, '788229967-7', '외국어', 'Fintone', 'Lynea', 'Oyoba', 405, 17551, 'noimage.jpg', 'ac diam cras pellentesque volutpat dui maecenas tristique est et tempus semper est quam pharetra magna ac consequat metus sapien', '2020-11-14 00:00:00', '2021-09-23 00:00:00', '구편절판'),
	(633, '958009812-3', '만화', 'Voltsillam', 'Evita', 'Yodoo', 498, 24043, 'noimage.jpg', 'luctus et ultrices posuere cubilia curae duis faucibus accumsan odio curabitur convallis duis consequat dui nec', '2021-03-25 00:00:00', '2021-09-23 00:00:00', '품절'),
	(634, '207270525-8', '만화', 'Y-find', 'Hoebart', 'Eadel', 516, 22248, 'noimage.jpg', 'metus sapien ut nunc vestibulum ante ipsum primis in faucibus orci luctus et ultrices posuere cubilia curae mauris viverra', '2020-10-14 00:00:00', '2021-09-23 00:00:00', '구편절판'),
	(635, '738033158-2', '소설', 'Konklab', 'Keri', 'Jetwire', 700, 5844, 'noimage.jpg', 'nulla sed vel enim sit amet nunc viverra dapibus nulla suscipit ligula in', '2020-11-18 00:00:00', '2021-09-23 00:00:00', '품절'),
	(636, '001239074-7', '여행', 'Gembucket', 'Erie', 'Tazz', 407, 12374, 'noimage.jpg', 'neque libero convallis eget eleifend luctus ultricies eu nibh quisque id justo sit', '2021-01-05 00:00:00', '2021-09-23 00:00:00', '구편절판'),
	(637, '345255646-8', '소설', 'Matsoft', 'Franciska', 'Blogtag', 327, 9209, 'noimage.jpg', 'ipsum dolor sit amet consectetuer adipiscing elit proin risus praesent lectus vestibulum quam sapien varius ut blandit', '2021-04-16 00:00:00', '2021-09-23 00:00:00', '판매중'),
	(638, '352932607-0', '여행', 'Prodder', 'Ruperta', 'Pixope', 608, 26946, 'noimage.jpg', 'volutpat erat quisque erat eros viverra eget congue eget semper rutrum nulla nunc purus phasellus in', '2021-09-11 00:00:00', '2021-09-23 00:00:00', '절판'),
	(639, '530701501-1', '외국어', 'Tresom', 'Hugh', 'BlogXS', 164, 15848, 'noimage.jpg', 'integer aliquet massa id lobortis convallis tortor risus dapibus augue vel accumsan tellus', '2021-09-10 00:00:00', '2021-09-23 00:00:00', '품절'),
	(640, '645606506-2', '소설', 'Veribet', 'Elberta', 'Latz', 522, 22195, 'noimage.jpg', 'justo morbi ut odio cras mi pede malesuada in imperdiet et commodo vulputate justo in blandit ultrices enim lorem', '2021-02-10 00:00:00', '2021-09-23 00:00:00', '절판'),
	(641, '681224342-6', '소설', 'Cardify', 'Andriette', 'Oozz', 415, 21952, 'noimage.jpg', 'amet sapien dignissim vestibulum vestibulum ante ipsum primis in faucibus orci luctus et ultrices posuere cubilia curae nulla dapibus dolor', '2021-08-14 00:00:00', '2021-09-23 00:00:00', '판매중'),
	(642, '975928558-4', '여행', 'Tin', 'Dannye', 'Divape', 168, 7000, 'noimage.jpg', 'pulvinar lobortis est phasellus sit amet erat nulla tempus vivamus in felis', '2021-05-27 00:00:00', '2021-09-23 00:00:00', '절판'),
	(643, '903819102-2', '경제', 'Bitchip', 'Kim', 'Realbridge', 738, 5746, 'noimage.jpg', 'est lacinia nisi venenatis tristique fusce congue diam id ornare imperdiet', '2020-11-07 00:00:00', '2021-09-23 00:00:00', '구편절판'),
	(644, '764417826-0', '만화', 'Otcom', 'Donnajean', 'Eire', 463, 12045, 'noimage.jpg', 'posuere metus vitae ipsum aliquam non mauris morbi non lectus aliquam sit amet diam', '2020-11-25 00:00:00', '2021-09-23 00:00:00', '판매중'),
	(645, '056203020-4', '외국어', 'Matsoft', 'Harrison', 'Jazzy', 462, 29195, 'noimage.jpg', 'ultrices posuere cubilia curae duis faucibus accumsan odio curabitur convallis duis consequat dui nec nisi volutpat eleifend', '2020-11-18 00:00:00', '2021-09-23 00:00:00', '판매중'),
	(646, '841807218-0', '경제', 'Cookley', 'Helenka', 'Meevee', 119, 17628, 'noimage.jpg', 'donec quis orci eget orci vehicula condimentum curabitur in libero ut massa volutpat convallis morbi', '2021-03-21 00:00:00', '2021-09-23 00:00:00', '구편절판'),
	(647, '954009323-6', '경제', 'Rank', 'Palm', 'Topiclounge', 521, 22217, 'noimage.jpg', 'magnis dis parturient montes nascetur ridiculus mus vivamus vestibulum sagittis sapien', '2021-04-11 00:00:00', '2021-09-23 00:00:00', '구편절판'),
	(648, '551334062-3', '여행', 'Zoolab', 'Kally', 'Edgepulse', 775, 10569, 'noimage.jpg', 'elementum nullam varius nulla facilisi cras non velit nec nisi vulputate nonummy maecenas tincidunt', '2021-06-24 00:00:00', '2021-09-23 00:00:00', '절판'),
	(649, '049150223-0', '소설', 'Bigtax', 'Pepito', 'Oloo', 794, 26548, 'noimage.jpg', 'tincidunt lacus at velit vivamus vel nulla eget eros elementum pellentesque quisque porta volutpat erat quisque erat', '2021-03-20 00:00:00', '2021-09-23 00:00:00', '판매중'),
	(650, '202191930-7', '여행', 'Sonsing', 'Jobey', 'Izio', 754, 5847, 'noimage.jpg', 'quisque ut erat curabitur gravida nisi at nibh in hac habitasse', '2021-01-12 00:00:00', '2021-09-23 00:00:00', '판매중'),
	(651, '871072715-9', '소설', 'Pannier', 'Luciana', 'JumpXS', 551, 22903, 'noimage.jpg', 'nunc viverra dapibus nulla suscipit ligula in lacus curabitur at ipsum', '2021-04-08 00:00:00', '2021-09-23 00:00:00', '품절'),
	(652, '677578883-5', '만화', 'Lotlux', 'Corrinne', 'Twiyo', 181, 22284, 'noimage.jpg', 'nunc donec quis orci eget orci vehicula condimentum curabitur in', '2021-09-08 00:00:00', '2021-09-23 00:00:00', '구편절판'),
	(653, '188815618-X', '소설', 'Bytecard', 'Jacquelin', 'Realblab', 708, 29526, 'noimage.jpg', 'sit amet nulla quisque arcu libero rutrum ac lobortis vel dapibus at', '2021-07-22 00:00:00', '2021-09-23 00:00:00', '구편절판'),
	(654, '610539728-3', '여행', 'Home Ing', 'Etheline', 'Jaxworks', 304, 14010, 'noimage.jpg', 'nunc donec quis orci eget orci vehicula condimentum curabitur in libero', '2020-10-02 00:00:00', '2021-09-23 00:00:00', '품절'),
	(655, '504350639-3', '여행', 'Aerified', 'Letizia', 'Jabberstorm', 180, 17776, 'noimage.jpg', 'sed nisl nunc rhoncus dui vel sem sed sagittis nam', '2020-12-10 00:00:00', '2021-09-23 00:00:00', '절판'),
	(656, '504518215-3', '만화', 'Trippledex', 'Bobinette', 'Oozz', 952, 9500, 'noimage.jpg', 'urna pretium nisl ut volutpat sapien arcu sed augue aliquam erat volutpat in congue etiam', '2021-09-22 00:00:00', '2021-09-23 00:00:00', '절판'),
	(657, '754860427-0', '만화', 'Sonair', 'Ralf', 'Wikizz', 254, 29375, 'noimage.jpg', 'condimentum neque sapien placerat ante nulla justo aliquam quis turpis eget', '2020-12-18 00:00:00', '2021-09-23 00:00:00', '판매중'),
	(658, '995217714-3', '여행', 'Bigtax', 'Courtney', 'Midel', 526, 14723, 'noimage.jpg', 'dui nec nisi volutpat eleifend donec ut dolor morbi vel lectus in quam fringilla rhoncus mauris enim leo rhoncus', '2021-06-22 00:00:00', '2021-09-23 00:00:00', '구편절판'),
	(659, '910228401-4', '경제', 'Zathin', 'Amii', 'Topdrive', 476, 5115, 'noimage.jpg', 'fermentum justo nec condimentum neque sapien placerat ante nulla justo aliquam', '2021-05-06 00:00:00', '2021-09-23 00:00:00', '판매중'),
	(660, '140686744-6', '소설', 'Span', 'Kynthia', 'Livefish', 206, 15189, 'noimage.jpg', 'diam vitae quam suspendisse potenti nullam porttitor lacus at turpis donec posuere metus vitae ipsum aliquam non mauris morbi', '2021-01-18 00:00:00', '2021-09-23 00:00:00', '판매중'),
	(661, '196299964-5', '만화', 'Latlux', 'Mildrid', 'Voonte', 818, 29658, 'noimage.jpg', 'vivamus vel nulla eget eros elementum pellentesque quisque porta volutpat erat quisque erat eros viverra eget congue eget', '2020-11-24 00:00:00', '2021-09-23 00:00:00', '품절'),
	(662, '069693043-9', '소설', 'Konklab', 'Melony', 'Latz', 934, 15794, 'noimage.jpg', 'vestibulum sed magna at nunc commodo placerat praesent blandit nam nulla integer pede justo lacinia eget tincidunt eget tempus', '2021-06-15 00:00:00', '2021-09-23 00:00:00', '판매중'),
	(663, '870933766-0', '소설', 'Treeflex', 'Errick', 'Tazzy', 956, 24640, 'noimage.jpg', 'vel lectus in quam fringilla rhoncus mauris enim leo rhoncus sed vestibulum sit amet cursus', '2020-10-22 00:00:00', '2021-09-23 00:00:00', '판매중'),
	(664, '284104464-5', '소설', 'Prodder', 'Claresta', 'BlogXS', 692, 5935, 'noimage.jpg', 'ac nulla sed vel enim sit amet nunc viverra dapibus nulla', '2021-03-26 00:00:00', '2021-09-23 00:00:00', '구편절판'),
	(665, '751356558-9', '여행', 'Job', 'Nedda', 'Photobug', 967, 12214, 'noimage.jpg', 'fermentum donec ut mauris eget massa tempor convallis nulla neque libero convallis eget eleifend luctus ultricies eu nibh quisque', '2020-12-14 00:00:00', '2021-09-23 00:00:00', '절판'),
	(666, '073508409-2', '외국어', 'Latlux', 'Mic', 'Kanoodle', 627, 28676, 'noimage.jpg', 'viverra dapibus nulla suscipit ligula in lacus curabitur at ipsum ac tellus semper interdum mauris', '2020-12-24 00:00:00', '2021-09-23 00:00:00', '품절'),
	(667, '257002564-X', '외국어', 'Rank', 'Annalise', 'Yadel', 886, 13540, 'noimage.jpg', 'ut massa quis augue luctus tincidunt nulla mollis molestie lorem quisque ut erat curabitur gravida nisi', '2021-02-07 00:00:00', '2021-09-23 00:00:00', '품절'),
	(668, '123273089-0', '만화', 'Bitwolf', 'Shalom', 'Rhyloo', 792, 28885, 'noimage.jpg', 'ac diam cras pellentesque volutpat dui maecenas tristique est et tempus semper est quam pharetra magna', '2021-09-07 00:00:00', '2021-09-23 00:00:00', '판매중'),
	(669, '453466376-5', '경제', 'Daltfresh', 'Rad', 'Tambee', 127, 13524, 'noimage.jpg', 'quam suspendisse potenti nullam porttitor lacus at turpis donec posuere metus vitae ipsum aliquam non mauris morbi non lectus aliquam', '2021-08-31 00:00:00', '2021-09-23 00:00:00', '품절'),
	(670, '771173254-6', '외국어', 'Bitchip', 'Gayla', 'Oba', 980, 20614, 'noimage.jpg', 'donec odio justo sollicitudin ut suscipit a feugiat et eros vestibulum ac est lacinia nisi venenatis tristique', '2021-01-28 00:00:00', '2021-09-23 00:00:00', '절판'),
	(671, '645643502-1', '외국어', 'Trippledex', 'Merwin', 'Kanoodle', 881, 21623, 'noimage.jpg', 'cursus urna ut tellus nulla ut erat id mauris vulputate elementum nullam varius nulla facilisi cras non velit nec nisi', '2021-02-23 00:00:00', '2021-09-23 00:00:00', '판매중'),
	(672, '009878329-7', '외국어', 'Alphazap', 'Halsy', 'Kamba', 998, 5919, 'noimage.jpg', 'massa donec dapibus duis at velit eu est congue elementum in hac habitasse platea dictumst morbi vestibulum velit id', '2020-10-13 00:00:00', '2021-09-23 00:00:00', '절판'),
	(673, '167680444-7', '여행', 'Flowdesk', 'Jacky', 'Rhybox', 561, 7140, 'noimage.jpg', 'ut massa quis augue luctus tincidunt nulla mollis molestie lorem quisque ut erat curabitur gravida nisi at', '2021-05-04 00:00:00', '2021-09-23 00:00:00', '판매중'),
	(674, '753947866-7', '외국어', 'Bigtax', 'Loralyn', 'Lazzy', 874, 16895, 'noimage.jpg', 'vel nisl duis ac nibh fusce lacus purus aliquet at feugiat non pretium quis lectus suspendisse potenti in', '2021-07-24 00:00:00', '2021-09-23 00:00:00', '절판'),
	(675, '914499471-0', '여행', 'Lotlux', 'Reggis', 'Realmix', 529, 15166, 'noimage.jpg', 'quisque porta volutpat erat quisque erat eros viverra eget congue eget semper rutrum nulla', '2021-04-12 00:00:00', '2021-09-23 00:00:00', '판매중'),
	(676, '925874494-2', '경제', 'Tres-Zap', 'Antone', 'Dynabox', 157, 13437, 'noimage.jpg', 'sociis natoque penatibus et magnis dis parturient montes nascetur ridiculus mus etiam vel augue vestibulum rutrum rutrum neque aenean', '2021-06-14 00:00:00', '2021-09-23 00:00:00', '품절'),
	(677, '064902419-2', '여행', 'Voyatouch', 'Homer', 'Bubblemix', 166, 12919, 'noimage.jpg', 'libero ut massa volutpat convallis morbi odio odio elementum eu interdum eu tincidunt in leo maecenas pulvinar lobortis est', '2021-03-21 00:00:00', '2021-09-23 00:00:00', '판매중'),
	(678, '544457266-4', '만화', 'Subin', 'Chrissy', 'DabZ', 665, 8697, 'noimage.jpg', 'ut blandit non interdum in ante vestibulum ante ipsum primis in faucibus orci luctus et ultrices', '2020-09-23 00:00:00', '2021-09-23 00:00:00', '구편절판'),
	(679, '002805792-9', '여행', 'Ronstring', 'Heinrik', 'Tagfeed', 994, 9741, 'noimage.jpg', 'turpis donec posuere metus vitae ipsum aliquam non mauris morbi non lectus aliquam sit amet diam in', '2021-07-30 00:00:00', '2021-09-23 00:00:00', '절판'),
	(680, '512101050-8', '소설', 'Cardify', 'Giacinta', 'Miboo', 427, 24991, 'noimage.jpg', 'porttitor pede justo eu massa donec dapibus duis at velit eu', '2020-12-12 00:00:00', '2021-09-23 00:00:00', '구편절판'),
	(681, '937794368-X', '외국어', 'Pannier', 'Jefferey', 'Babbleblab', 548, 19295, 'noimage.jpg', 'et tempus semper est quam pharetra magna ac consequat metus sapien ut nunc', '2021-01-16 00:00:00', '2021-09-23 00:00:00', '절판'),
	(682, '587616655-3', '소설', 'Toughjoyfax', 'Merle', 'Skiptube', 923, 6801, 'noimage.jpg', 'auctor sed tristique in tempus sit amet sem fusce consequat nulla nisl nunc nisl duis bibendum felis sed interdum', '2021-06-03 00:00:00', '2021-09-23 00:00:00', '판매중'),
	(683, '887528195-5', '만화', 'Vagram', 'Patrizius', 'Topiclounge', 707, 6407, 'noimage.jpg', 'rutrum ac lobortis vel dapibus at diam nam tristique tortor', '2021-04-04 00:00:00', '2021-09-23 00:00:00', '절판'),
	(684, '143851987-7', '여행', 'Cookley', 'Jeddy', 'Centidel', 201, 16186, 'noimage.jpg', 'platea dictumst etiam faucibus cursus urna ut tellus nulla ut erat id mauris vulputate elementum nullam varius nulla facilisi', '2021-05-18 00:00:00', '2021-09-23 00:00:00', '구편절판'),
	(685, '483361481-2', '외국어', 'Stim', 'Leeland', 'Kamba', 197, 16601, 'noimage.jpg', 'eget rutrum at lorem integer tincidunt ante vel ipsum praesent blandit lacinia erat vestibulum sed magna at nunc commodo', '2020-12-18 00:00:00', '2021-09-23 00:00:00', '절판'),
	(686, '881253926-2', '외국어', 'Asoka', 'Isiahi', 'Tambee', 848, 25738, 'noimage.jpg', 'at velit eu est congue elementum in hac habitasse platea dictumst morbi', '2020-11-12 00:00:00', '2021-09-23 00:00:00', '구편절판'),
	(687, '752005181-1', '외국어', 'Bitwolf', 'Henrieta', 'Shuffledrive', 247, 24394, 'noimage.jpg', 'integer tincidunt ante vel ipsum praesent blandit lacinia erat vestibulum sed', '2021-02-11 00:00:00', '2021-09-23 00:00:00', '품절'),
	(688, '168366006-4', '소설', 'Cardguard', 'Lucho', 'Lazzy', 944, 17791, 'noimage.jpg', 'metus vitae ipsum aliquam non mauris morbi non lectus aliquam', '2020-09-24 00:00:00', '2021-09-23 00:00:00', '품절'),
	(689, '779268855-0', '여행', 'Ventosanzap', 'Garth', 'Layo', 352, 20991, 'noimage.jpg', 'eget massa tempor convallis nulla neque libero convallis eget eleifend luctus ultricies eu nibh quisque id', '2020-11-10 00:00:00', '2021-09-23 00:00:00', '품절'),
	(690, '789823870-2', '만화', 'Zoolab', 'Stanwood', 'Dabfeed', 844, 7871, 'noimage.jpg', 'nunc commodo placerat praesent blandit nam nulla integer pede justo lacinia eget tincidunt eget tempus vel pede morbi porttitor lorem', '2020-11-29 00:00:00', '2021-09-23 00:00:00', '판매중'),
	(691, '751760844-4', '경제', 'Domainer', 'Arlyne', 'Fanoodle', 871, 26543, 'noimage.jpg', 'leo pellentesque ultrices mattis odio donec vitae nisi nam ultrices libero non mattis', '2020-12-23 00:00:00', '2021-09-23 00:00:00', '판매중'),
	(692, '097763107-9', '경제', 'Cardify', 'Nicol', 'Zoomcast', 191, 6460, 'noimage.jpg', 'nisi eu orci mauris lacinia sapien quis libero nullam sit amet turpis elementum ligula vehicula consequat morbi a ipsum', '2021-04-03 00:00:00', '2021-09-23 00:00:00', '절판'),
	(693, '338117431-2', '경제', 'Ventosanzap', 'Ritchie', 'Quatz', 501, 20174, 'noimage.jpg', 'sem mauris laoreet ut rhoncus aliquet pulvinar sed nisl nunc', '2021-06-19 00:00:00', '2021-09-23 00:00:00', '절판'),
	(694, '872071046-1', '여행', 'Bigtax', 'Anthe', 'Photofeed', 340, 27027, 'noimage.jpg', 'vulputate elementum nullam varius nulla facilisi cras non velit nec nisi vulputate', '2021-09-16 00:00:00', '2021-09-23 00:00:00', '절판'),
	(695, '942186119-1', '여행', 'Zoolab', 'Scotty', 'Browsedrive', 882, 24904, 'noimage.jpg', 'aliquam lacus morbi quis tortor id nulla ultrices aliquet maecenas leo odio condimentum id luctus nec', '2021-01-01 00:00:00', '2021-09-23 00:00:00', '절판'),
	(696, '781668885-7', '외국어', 'It', 'Claybourne', 'Rhynyx', 864, 9724, 'noimage.jpg', 'curae mauris viverra diam vitae quam suspendisse potenti nullam porttitor lacus at turpis donec posuere metus vitae ipsum aliquam', '2020-11-23 00:00:00', '2021-09-23 00:00:00', '절판'),
	(697, '960211584-X', '경제', 'Veribet', 'Malynda', 'Yombu', 839, 7597, 'noimage.jpg', 'justo nec condimentum neque sapien placerat ante nulla justo aliquam quis turpis eget elit', '2021-04-22 00:00:00', '2021-09-23 00:00:00', '구편절판'),
	(698, '095462641-9', '경제', 'Opela', 'Rene', 'Trilith', 892, 27124, 'noimage.jpg', 'justo in hac habitasse platea dictumst etiam faucibus cursus urna ut tellus', '2021-09-20 00:00:00', '2021-09-23 00:00:00', '절판'),
	(699, '316824602-6', '소설', 'Tempsoft', 'Darcie', 'Vinte', 278, 12003, 'noimage.jpg', 'dapibus dolor vel est donec odio justo sollicitudin ut suscipit a feugiat', '2021-09-07 00:00:00', '2021-09-23 00:00:00', '품절'),
	(700, '983038751-8', '경제', 'Transcof', 'Howard', 'Browsecat', 947, 8907, 'noimage.jpg', 'amet eros suspendisse accumsan tortor quis turpis sed ante vivamus tortor duis mattis egestas metus', '2021-08-26 00:00:00', '2021-09-23 00:00:00', '품절'),
	(701, '991250572-7', '소설', 'Treeflex', 'D\'arcy', 'Abata', 272, 12508, 'noimage.jpg', 'suscipit nulla elit ac nulla sed vel enim sit amet nunc', '2020-11-29 00:00:00', '2021-09-23 00:00:00', '품절'),
	(702, '524786952-4', '만화', 'Bitchip', 'Calv', 'Topicware', 901, 11079, 'noimage.jpg', 'lacus morbi sem mauris laoreet ut rhoncus aliquet pulvinar sed nisl nunc rhoncus dui vel sem sed sagittis nam congue', '2021-07-04 00:00:00', '2021-09-23 00:00:00', '구편절판'),
	(703, '266587668-X', '외국어', 'Zoolab', 'Suzy', 'Quatz', 958, 15850, 'noimage.jpg', 'aliquet massa id lobortis convallis tortor risus dapibus augue vel', '2021-01-11 00:00:00', '2021-09-23 00:00:00', '품절'),
	(704, '356445901-4', '만화', 'Ronstring', 'Granny', 'Jaxworks', 761, 14975, 'noimage.jpg', 'orci pede venenatis non sodales sed tincidunt eu felis fusce posuere felis sed lacus morbi sem mauris laoreet ut rhoncus', '2020-10-26 00:00:00', '2021-09-23 00:00:00', '절판'),
	(705, '674453846-2', '여행', 'Quo Lux', 'Elwin', 'Livetube', 147, 11516, 'noimage.jpg', 'nec molestie sed justo pellentesque viverra pede ac diam cras pellentesque', '2021-03-29 00:00:00', '2021-09-23 00:00:00', '판매중'),
	(706, '922452614-4', '소설', 'Asoka', 'Maurice', 'Fivechat', 378, 22105, 'noimage.jpg', 'curae donec pharetra magna vestibulum aliquet ultrices erat tortor sollicitudin', '2021-01-11 00:00:00', '2021-09-23 00:00:00', '판매중'),
	(707, '872640921-6', '외국어', 'Aerified', 'Jacob', 'Voonix', 484, 20508, 'noimage.jpg', 'rhoncus aliquam lacus morbi quis tortor id nulla ultrices aliquet maecenas leo odio condimentum id luctus nec molestie', '2021-09-15 00:00:00', '2021-09-23 00:00:00', '판매중'),
	(708, '147504646-4', '여행', 'Lotstring', 'Britt', 'Mynte', 804, 20978, 'noimage.jpg', 'donec odio justo sollicitudin ut suscipit a feugiat et eros vestibulum ac est lacinia nisi venenatis', '2020-12-16 00:00:00', '2021-09-23 00:00:00', '품절'),
	(709, '373023503-6', '소설', 'Alphazap', 'Hew', 'Gabtune', 516, 5860, 'noimage.jpg', 'erat eros viverra eget congue eget semper rutrum nulla nunc purus phasellus in felis donec semper sapien a libero', '2021-06-26 00:00:00', '2021-09-23 00:00:00', '구편절판'),
	(710, '854327153-3', '경제', 'Greenlam', 'Man', 'Blogtags', 709, 17731, 'noimage.jpg', 'sed tincidunt eu felis fusce posuere felis sed lacus morbi sem mauris laoreet', '2021-02-22 00:00:00', '2021-09-23 00:00:00', '판매중'),
	(711, '419882611-0', '외국어', 'Hatity', 'Ameline', 'Brainverse', 237, 27152, 'noimage.jpg', 'varius nulla facilisi cras non velit nec nisi vulputate nonummy maecenas tincidunt lacus', '2021-05-31 00:00:00', '2021-09-23 00:00:00', '구편절판'),
	(712, '357213947-3', '경제', 'Solarbreeze', 'Betsey', 'Skinix', 152, 7734, 'noimage.jpg', 'ac est lacinia nisi venenatis tristique fusce congue diam id ornare imperdiet sapien urna pretium nisl ut volutpat', '2020-10-12 00:00:00', '2021-09-23 00:00:00', '품절'),
	(713, '430858874-X', '외국어', 'Kanlam', 'Hazel', 'Jatri', 950, 19252, 'noimage.jpg', 'fringilla rhoncus mauris enim leo rhoncus sed vestibulum sit amet cursus id turpis integer aliquet massa', '2020-10-05 00:00:00', '2021-09-23 00:00:00', '품절'),
	(714, '289191144-X', '소설', 'Alpha', 'Latrena', 'Izio', 409, 26723, 'noimage.jpg', 'lorem id ligula suspendisse ornare consequat lectus in est risus auctor sed tristique in tempus sit amet sem fusce', '2021-05-29 00:00:00', '2021-09-23 00:00:00', '판매중'),
	(715, '695898710-1', '만화', 'Sonsing', 'Nance', 'Skyble', 651, 23668, 'noimage.jpg', 'a libero nam dui proin leo odio porttitor id consequat in consequat ut', '2021-08-25 00:00:00', '2021-09-23 00:00:00', '판매중'),
	(716, '464585037-7', '만화', 'Stringtough', 'Amby', 'Devpoint', 932, 28862, 'noimage.jpg', 'suscipit a feugiat et eros vestibulum ac est lacinia nisi venenatis tristique fusce', '2020-12-06 00:00:00', '2021-09-23 00:00:00', '구편절판'),
	(717, '484274201-1', '외국어', 'Andalax', 'Ado', 'Wordpedia', 738, 12210, 'noimage.jpg', 'morbi vel lectus in quam fringilla rhoncus mauris enim leo rhoncus sed vestibulum sit amet cursus id turpis integer aliquet', '2020-10-27 00:00:00', '2021-09-23 00:00:00', '품절'),
	(718, '788849059-X', '여행', 'Bitchip', 'Laure', 'Trilia', 301, 15645, 'noimage.jpg', 'lectus pellentesque eget nunc donec quis orci eget orci vehicula', '2021-06-14 00:00:00', '2021-09-23 00:00:00', '구편절판'),
	(719, '642891556-1', '외국어', 'Cardguard', 'Jemmy', 'Dynazzy', 386, 19732, 'noimage.jpg', 'erat fermentum justo nec condimentum neque sapien placerat ante nulla justo aliquam quis turpis eget elit sodales scelerisque mauris sit', '2021-01-19 00:00:00', '2021-09-23 00:00:00', '품절'),
	(720, '878171784-9', '여행', 'Zathin', 'Codee', 'Kwimbee', 594, 15680, 'noimage.jpg', 'magnis dis parturient montes nascetur ridiculus mus vivamus vestibulum sagittis sapien cum sociis natoque penatibus et magnis', '2020-10-06 00:00:00', '2021-09-23 00:00:00', '구편절판'),
	(721, '032518718-5', '소설', 'Regrant', 'Ferd', 'Avamm', 231, 10979, 'noimage.jpg', 'a feugiat et eros vestibulum ac est lacinia nisi venenatis tristique fusce congue diam id ornare imperdiet sapien urna', '2021-07-30 00:00:00', '2021-09-23 00:00:00', '구편절판'),
	(722, '891210327-X', '소설', 'Job', 'Hermie', 'Agivu', 673, 25508, 'noimage.jpg', 'augue a suscipit nulla elit ac nulla sed vel enim', '2021-05-26 00:00:00', '2021-09-23 00:00:00', '절판'),
	(723, '141137685-4', '여행', 'Trippledex', 'Mari', 'Zoovu', 820, 27661, 'noimage.jpg', 'eget semper rutrum nulla nunc purus phasellus in felis donec semper sapien a libero nam', '2021-02-18 00:00:00', '2021-09-23 00:00:00', '판매중'),
	(724, '874179432-X', '만화', 'Quo Lux', 'Burr', 'Browsecat', 973, 24677, 'noimage.jpg', 'justo lacinia eget tincidunt eget tempus vel pede morbi porttitor lorem id ligula suspendisse ornare consequat', '2020-12-29 00:00:00', '2021-09-23 00:00:00', '절판'),
	(725, '531181999-5', '경제', 'Flexidy', 'Evelina', 'Mydo', 617, 25166, 'noimage.jpg', 'in quis justo maecenas rhoncus aliquam lacus morbi quis tortor id nulla ultrices aliquet maecenas leo', '2020-10-06 00:00:00', '2021-09-23 00:00:00', '절판'),
	(726, '799290457-5', '소설', 'Gembucket', 'Goddart', 'Zoozzy', 634, 13570, 'noimage.jpg', 'rhoncus mauris enim leo rhoncus sed vestibulum sit amet cursus id turpis integer', '2021-09-06 00:00:00', '2021-09-23 00:00:00', '품절'),
	(727, '107034640-3', '만화', 'Tampflex', 'Massimiliano', 'Omba', 461, 14239, 'noimage.jpg', 'integer aliquet massa id lobortis convallis tortor risus dapibus augue vel accumsan tellus nisi eu orci mauris lacinia', '2021-09-05 00:00:00', '2021-09-23 00:00:00', '품절'),
	(728, '286050267-X', '만화', 'Fintone', 'Gizela', 'Skilith', 152, 9941, 'noimage.jpg', 'elementum eu interdum eu tincidunt in leo maecenas pulvinar lobortis est phasellus sit amet erat nulla tempus vivamus in felis', '2020-11-01 00:00:00', '2021-09-23 00:00:00', '절판'),
	(729, '607609314-5', '만화', 'Cardguard', 'Kimberly', 'Brightdog', 782, 27672, 'noimage.jpg', 'nisl duis ac nibh fusce lacus purus aliquet at feugiat non pretium', '2020-10-05 00:00:00', '2021-09-23 00:00:00', '구편절판'),
	(730, '643043032-4', '만화', 'Alphazap', 'Dolf', 'Linktype', 953, 11222, 'noimage.jpg', 'platea dictumst maecenas ut massa quis augue luctus tincidunt nulla', '2020-12-02 00:00:00', '2021-09-23 00:00:00', '판매중'),
	(731, '829520585-4', '경제', 'Bytecard', 'Esta', 'Skiptube', 295, 20127, 'noimage.jpg', 'proin risus praesent lectus vestibulum quam sapien varius ut blandit non interdum in ante vestibulum', '2021-05-06 00:00:00', '2021-09-23 00:00:00', '품절'),
	(732, '127479816-7', '외국어', 'Bigtax', 'Bjorn', 'Linkbuzz', 245, 14821, 'noimage.jpg', 'amet nunc viverra dapibus nulla suscipit ligula in lacus curabitur at ipsum ac tellus semper interdum mauris', '2021-04-19 00:00:00', '2021-09-23 00:00:00', '판매중'),
	(733, '629740816-5', '만화', 'Stronghold', 'Yanaton', 'Realbuzz', 994, 21197, 'noimage.jpg', 'amet turpis elementum ligula vehicula consequat morbi a ipsum integer', '2020-12-28 00:00:00', '2021-09-23 00:00:00', '절판'),
	(734, '159458538-5', '소설', 'Rank', 'Windham', 'Topicblab', 243, 16569, 'noimage.jpg', 'vehicula condimentum curabitur in libero ut massa volutpat convallis morbi odio odio elementum eu interdum eu tincidunt in', '2020-11-12 00:00:00', '2021-09-23 00:00:00', '품절'),
	(735, '835689673-8', '외국어', 'Asoka', 'Brooke', 'Ooba', 353, 18550, 'noimage.jpg', 'blandit mi in porttitor pede justo eu massa donec dapibus duis at velit eu', '2021-02-18 00:00:00', '2021-09-23 00:00:00', '판매중'),
	(736, '680083033-X', '외국어', 'Sub-Ex', 'Matias', 'Zoonder', 666, 16267, 'noimage.jpg', 'sagittis sapien cum sociis natoque penatibus et magnis dis parturient montes nascetur', '2021-05-10 00:00:00', '2021-09-23 00:00:00', '절판'),
	(737, '813038536-8', '외국어', 'Toughjoyfax', 'Mannie', 'Dynava', 241, 29290, 'noimage.jpg', 'platea dictumst etiam faucibus cursus urna ut tellus nulla ut erat id mauris vulputate elementum nullam varius', '2020-10-18 00:00:00', '2021-09-23 00:00:00', '절판'),
	(738, '786905715-0', '소설', 'Temp', 'Stefania', 'Thoughtstorm', 692, 15331, 'noimage.jpg', 'neque sapien placerat ante nulla justo aliquam quis turpis eget elit sodales scelerisque mauris sit', '2021-09-03 00:00:00', '2021-09-23 00:00:00', '절판'),
	(739, '487058079-9', '소설', 'Bitchip', 'Frederich', 'Brightdog', 734, 12656, 'noimage.jpg', 'nunc nisl duis bibendum felis sed interdum venenatis turpis enim blandit mi in porttitor pede justo eu massa donec', '2021-08-18 00:00:00', '2021-09-23 00:00:00', '품절'),
	(740, '069182198-4', '소설', 'Zamit', 'Leyla', 'Midel', 735, 10645, 'noimage.jpg', 'sapien a libero nam dui proin leo odio porttitor id consequat in consequat ut nulla sed accumsan felis ut at', '2021-06-25 00:00:00', '2021-09-23 00:00:00', '구편절판'),
	(741, '091532334-6', '외국어', 'Hatity', 'Vivi', 'Jayo', 635, 9743, 'noimage.jpg', 'enim leo rhoncus sed vestibulum sit amet cursus id turpis', '2020-11-06 00:00:00', '2021-09-23 00:00:00', '품절'),
	(742, '492103054-5', '여행', 'Sonair', 'Germain', 'Thoughtbeat', 799, 11533, 'noimage.jpg', 'est donec odio justo sollicitudin ut suscipit a feugiat et eros vestibulum ac est lacinia nisi venenatis tristique', '2021-05-04 00:00:00', '2021-09-23 00:00:00', '구편절판'),
	(743, '449728614-2', '경제', 'Subin', 'Adolf', 'Thoughtblab', 363, 21657, 'noimage.jpg', 'viverra dapibus nulla suscipit ligula in lacus curabitur at ipsum ac tellus semper interdum', '2021-03-09 00:00:00', '2021-09-23 00:00:00', '절판'),
	(744, '279090200-3', '외국어', 'Job', 'Arch', 'Gabtype', 965, 10185, 'noimage.jpg', 'placerat ante nulla justo aliquam quis turpis eget elit sodales', '2021-07-16 00:00:00', '2021-09-23 00:00:00', '구편절판'),
	(745, '443923876-9', '경제', 'Solarbreeze', 'Joane', 'Linklinks', 931, 10300, 'noimage.jpg', 'tincidunt lacus at velit vivamus vel nulla eget eros elementum pellentesque', '2021-09-04 00:00:00', '2021-09-23 00:00:00', '품절'),
	(746, '917287602-6', '외국어', 'Home Ing', 'Merna', 'Quinu', 939, 11599, 'noimage.jpg', 'aliquam convallis nunc proin at turpis a pede posuere nonummy integer non velit donec diam neque vestibulum eget', '2021-05-13 00:00:00', '2021-09-23 00:00:00', '구편절판'),
	(747, '105813385-3', '외국어', 'Sonair', 'Maury', 'Mudo', 989, 14321, 'noimage.jpg', 'odio justo sollicitudin ut suscipit a feugiat et eros vestibulum ac est lacinia nisi', '2020-09-23 00:00:00', '2021-09-23 00:00:00', '구편절판'),
	(748, '837556504-0', '만화', 'Regrant', 'Ashla', 'Yakidoo', 701, 24759, 'noimage.jpg', 'curabitur at ipsum ac tellus semper interdum mauris ullamcorper purus sit amet nulla quisque', '2021-05-17 00:00:00', '2021-09-23 00:00:00', '절판'),
	(749, '026394778-5', '소설', 'Temp', 'Olivette', 'Oyoloo', 120, 18461, 'noimage.jpg', 'ac est lacinia nisi venenatis tristique fusce congue diam id ornare imperdiet sapien urna pretium nisl ut volutpat sapien arcu', '2021-02-19 00:00:00', '2021-09-23 00:00:00', '품절'),
	(750, '210810961-7', '경제', 'Ventosanzap', 'Nanon', 'Quatz', 820, 16645, 'noimage.jpg', 'odio cras mi pede malesuada in imperdiet et commodo vulputate justo in blandit ultrices enim lorem', '2021-02-14 00:00:00', '2021-09-23 00:00:00', '구편절판'),
	(751, '291177759-X', '만화', 'Home Ing', 'Derby', 'Vidoo', 553, 27580, 'noimage.jpg', 'iaculis congue vivamus metus arcu adipiscing molestie hendrerit at vulputate vitae nisl aenean lectus pellentesque eget nunc donec', '2021-07-05 00:00:00', '2021-09-23 00:00:00', '구편절판'),
	(752, '886923422-3', '만화', 'Viva', 'Alayne', 'Devpulse', 880, 5579, 'noimage.jpg', 'metus arcu adipiscing molestie hendrerit at vulputate vitae nisl aenean lectus pellentesque eget nunc donec quis orci eget orci', '2021-06-27 00:00:00', '2021-09-23 00:00:00', '구편절판'),
	(753, '658409211-9', '경제', 'Transcof', 'Jobina', 'Demimbu', 598, 12731, 'noimage.jpg', 'et magnis dis parturient montes nascetur ridiculus mus etiam vel augue vestibulum', '2021-02-08 00:00:00', '2021-09-23 00:00:00', '구편절판'),
	(754, '217037561-9', '외국어', 'Ronstring', 'Jemima', 'Devpulse', 435, 23030, 'noimage.jpg', 'ipsum dolor sit amet consectetuer adipiscing elit proin interdum mauris non ligula', '2021-02-20 00:00:00', '2021-09-23 00:00:00', '절판'),
	(755, '198451316-8', '경제', 'Sonair', 'Genny', 'Rhycero', 548, 29314, 'noimage.jpg', 'ante ipsum primis in faucibus orci luctus et ultrices posuere cubilia curae duis faucibus accumsan odio curabitur convallis duis consequat', '2021-06-26 00:00:00', '2021-09-23 00:00:00', '품절'),
	(756, '120955144-6', '소설', 'Redhold', 'Celestyn', 'Lajo', 279, 27185, 'noimage.jpg', 'penatibus et magnis dis parturient montes nascetur ridiculus mus etiam vel augue vestibulum rutrum rutrum neque aenean auctor gravida', '2021-04-24 00:00:00', '2021-09-23 00:00:00', '구편절판'),
	(757, '133563562-9', '만화', 'Stronghold', 'Aldous', 'Gabvine', 844, 24075, 'noimage.jpg', 'enim in tempor turpis nec euismod scelerisque quam turpis adipiscing lorem vitae mattis nibh ligula', '2020-10-05 00:00:00', '2021-09-23 00:00:00', '절판'),
	(758, '005154828-3', '외국어', 'Tempsoft', 'Ikey', 'Devify', 382, 8324, 'noimage.jpg', 'pede libero quis orci nullam molestie nibh in lectus pellentesque at nulla', '2021-06-17 00:00:00', '2021-09-23 00:00:00', '절판'),
	(759, '736712511-7', '만화', 'Bitchip', 'Lynnelle', 'Meezzy', 576, 8953, 'noimage.jpg', 'montes nascetur ridiculus mus etiam vel augue vestibulum rutrum rutrum neque aenean auctor gravida sem', '2021-06-22 00:00:00', '2021-09-23 00:00:00', '판매중'),
	(760, '619052203-3', '소설', 'Voyatouch', 'Chelsey', 'InnoZ', 808, 12956, 'noimage.jpg', 'ipsum ac tellus semper interdum mauris ullamcorper purus sit amet nulla quisque arcu libero rutrum', '2021-03-07 00:00:00', '2021-09-23 00:00:00', '품절'),
	(761, '583947148-8', '경제', 'Stringtough', 'Alane', 'Devbug', 852, 27367, 'noimage.jpg', 'morbi quis tortor id nulla ultrices aliquet maecenas leo odio condimentum id luctus nec molestie sed justo pellentesque viverra', '2021-08-20 00:00:00', '2021-09-23 00:00:00', '구편절판'),
	(762, '581649886-X', '소설', 'Greenlam', 'Dean', 'Fatz', 591, 5731, 'noimage.jpg', 'nibh fusce lacus purus aliquet at feugiat non pretium quis lectus suspendisse potenti in eleifend quam a odio', '2021-06-19 00:00:00', '2021-09-23 00:00:00', '절판'),
	(763, '803692544-3', '경제', 'Span', 'Ethelda', 'Flipbug', 126, 19798, 'noimage.jpg', 'vel nulla eget eros elementum pellentesque quisque porta volutpat erat quisque erat eros viverra eget congue eget semper', '2020-10-07 00:00:00', '2021-09-23 00:00:00', '구편절판'),
	(764, '967063064-9', '소설', 'Duobam', 'Tommy', 'Quinu', 947, 10148, 'noimage.jpg', 'magna vulputate luctus cum sociis natoque penatibus et magnis dis', '2021-01-28 00:00:00', '2021-09-23 00:00:00', '절판'),
	(765, '263161476-3', '소설', 'Fixflex', 'Jecho', 'Pixonyx', 284, 18424, 'noimage.jpg', 'turpis enim blandit mi in porttitor pede justo eu massa donec dapibus', '2021-07-30 00:00:00', '2021-09-23 00:00:00', '판매중'),
	(766, '048820367-8', '만화', 'Lotstring', 'Cassie', 'Kaymbo', 897, 18646, 'noimage.jpg', 'leo maecenas pulvinar lobortis est phasellus sit amet erat nulla tempus vivamus in felis eu sapien cursus vestibulum proin', '2021-05-19 00:00:00', '2021-09-23 00:00:00', '판매중'),
	(767, '068317792-3', '경제', 'Redhold', 'Pat', 'Feedfish', 824, 10102, 'noimage.jpg', 'cursus urna ut tellus nulla ut erat id mauris vulputate elementum nullam varius nulla facilisi', '2020-12-20 00:00:00', '2021-09-23 00:00:00', '품절'),
	(768, '122453388-7', '경제', 'Greenlam', 'Laurice', 'Trilith', 492, 10047, 'noimage.jpg', 'curae nulla dapibus dolor vel est donec odio justo sollicitudin ut suscipit a feugiat et', '2020-11-16 00:00:00', '2021-09-23 00:00:00', '구편절판'),
	(769, '383579989-4', '경제', 'Vagram', 'Vince', 'Demizz', 977, 21108, 'noimage.jpg', 'donec semper sapien a libero nam dui proin leo odio porttitor id consequat in consequat ut nulla sed accumsan', '2021-02-28 00:00:00', '2021-09-23 00:00:00', '절판'),
	(770, '125207460-3', '외국어', 'Treeflex', 'Maribeth', 'Twitterbridge', 222, 28126, 'noimage.jpg', 'amet sapien dignissim vestibulum vestibulum ante ipsum primis in faucibus orci luctus et ultrices posuere cubilia curae nulla', '2021-01-08 00:00:00', '2021-09-23 00:00:00', '구편절판'),
	(771, '927626492-2', '여행', 'Sonsing', 'Philippe', 'Realblab', 806, 27681, 'noimage.jpg', 'vel augue vestibulum ante ipsum primis in faucibus orci luctus', '2021-07-27 00:00:00', '2021-09-23 00:00:00', '품절'),
	(772, '564358420-4', '만화', 'Solarbreeze', 'Philis', 'Voomm', 329, 13708, 'noimage.jpg', 'consectetuer adipiscing elit proin interdum mauris non ligula pellentesque ultrices phasellus id sapien in sapien iaculis congue vivamus', '2021-05-24 00:00:00', '2021-09-23 00:00:00', '판매중'),
	(773, '762438831-6', '여행', 'Tresom', 'Deb', 'Ntag', 828, 12382, 'noimage.jpg', 'arcu sed augue aliquam erat volutpat in congue etiam justo etiam pretium iaculis justo in hac', '2021-07-15 00:00:00', '2021-09-23 00:00:00', '품절'),
	(774, '753081304-8', '외국어', 'Bitchip', 'Tuckie', 'Skalith', 671, 6909, 'noimage.jpg', 'orci luctus et ultrices posuere cubilia curae nulla dapibus dolor vel est donec odio justo sollicitudin ut suscipit', '2021-01-12 00:00:00', '2021-09-23 00:00:00', '절판'),
	(775, '130025581-1', '경제', 'Fix San', 'Dermot', 'Oyoyo', 613, 16827, 'noimage.jpg', 'nullam varius nulla facilisi cras non velit nec nisi vulputate nonummy maecenas tincidunt lacus', '2021-06-23 00:00:00', '2021-09-23 00:00:00', '품절'),
	(776, '567975865-2', '경제', 'Lotlux', 'Hayyim', 'Blogpad', 348, 11447, 'noimage.jpg', 'tincidunt nulla mollis molestie lorem quisque ut erat curabitur gravida nisi at', '2021-09-08 00:00:00', '2021-09-23 00:00:00', '구편절판'),
	(777, '548605831-4', '소설', 'Rank', 'Daniele', 'Centimia', 148, 15337, 'noimage.jpg', 'dapibus augue vel accumsan tellus nisi eu orci mauris lacinia sapien quis libero nullam sit amet turpis', '2021-03-18 00:00:00', '2021-09-23 00:00:00', '판매중'),
	(778, '402631014-0', '여행', 'Solarbreeze', 'Tiphany', 'Linklinks', 167, 15343, 'noimage.jpg', 'leo odio condimentum id luctus nec molestie sed justo pellentesque viverra pede', '2021-08-15 00:00:00', '2021-09-23 00:00:00', '구편절판'),
	(779, '573700340-X', '소설', 'Overhold', 'Cassondra', 'Brightdog', 589, 29651, 'noimage.jpg', 'lorem ipsum dolor sit amet consectetuer adipiscing elit proin interdum mauris non ligula pellentesque ultrices phasellus id sapien', '2021-01-17 00:00:00', '2021-09-23 00:00:00', '판매중'),
	(780, '079661651-5', '소설', 'Overhold', 'Bart', 'Edgeblab', 793, 7531, 'noimage.jpg', 'eros suspendisse accumsan tortor quis turpis sed ante vivamus tortor duis', '2021-06-26 00:00:00', '2021-09-23 00:00:00', '품절'),
	(781, '082394450-6', '경제', 'Zontrax', 'Anna-diana', 'Fadeo', 954, 5012, 'noimage.jpg', 'diam in magna bibendum imperdiet nullam orci pede venenatis non', '2020-11-25 00:00:00', '2021-09-23 00:00:00', '구편절판'),
	(782, '689843005-X', '경제', 'Stringtough', 'Garrett', 'Photospace', 930, 11489, 'noimage.jpg', 'nibh quisque id justo sit amet sapien dignissim vestibulum vestibulum', '2021-06-29 00:00:00', '2021-09-23 00:00:00', '품절'),
	(783, '646867990-7', '소설', 'Alpha', 'Hart', 'Avaveo', 669, 16841, 'noimage.jpg', 'praesent blandit nam nulla integer pede justo lacinia eget tincidunt eget tempus vel pede', '2021-05-24 00:00:00', '2021-09-23 00:00:00', '절판'),
	(784, '836631495-2', '외국어', 'Kanlam', 'Gwennie', 'Myworks', 877, 11343, 'noimage.jpg', 'vestibulum ante ipsum primis in faucibus orci luctus et ultrices posuere', '2020-11-20 00:00:00', '2021-09-23 00:00:00', '품절'),
	(785, '863127318-X', '여행', 'Asoka', 'Hamilton', 'Gabvine', 599, 21777, 'noimage.jpg', 'molestie hendrerit at vulputate vitae nisl aenean lectus pellentesque eget nunc donec quis orci eget orci vehicula condimentum', '2021-07-08 00:00:00', '2021-09-23 00:00:00', '구편절판'),
	(786, '492555541-3', '외국어', 'Vagram', 'Sherwin', 'Zooxo', 580, 19013, 'noimage.jpg', 'nulla quisque arcu libero rutrum ac lobortis vel dapibus at', '2020-11-30 00:00:00', '2021-09-23 00:00:00', '절판'),
	(787, '880657209-1', '소설', 'Cardguard', 'Durand', 'Abatz', 650, 19426, 'noimage.jpg', 'libero ut massa volutpat convallis morbi odio odio elementum eu interdum eu tincidunt in leo maecenas pulvinar lobortis est', '2020-11-03 00:00:00', '2021-09-23 00:00:00', '구편절판'),
	(788, '220722993-9', '소설', 'Zoolab', 'Latrena', 'Photospace', 727, 6142, 'noimage.jpg', 'vestibulum velit id pretium iaculis diam erat fermentum justo nec condimentum neque sapien placerat', '2020-10-01 00:00:00', '2021-09-23 00:00:00', '구편절판'),
	(789, '426333833-2', '만화', 'Domainer', 'Moira', 'Latz', 899, 18772, 'noimage.jpg', 'non velit donec diam neque vestibulum eget vulputate ut ultrices vel augue vestibulum ante', '2021-09-16 00:00:00', '2021-09-23 00:00:00', '품절'),
	(790, '776142902-2', '만화', 'Greenlam', 'Fitzgerald', 'Vitz', 110, 12683, 'noimage.jpg', 'est congue elementum in hac habitasse platea dictumst morbi vestibulum velit id pretium iaculis diam erat fermentum justo nec', '2021-01-27 00:00:00', '2021-09-23 00:00:00', '판매중'),
	(791, '895765829-7', '경제', 'Voyatouch', 'Emmy', 'Trudoo', 619, 28555, 'noimage.jpg', 'porttitor lorem id ligula suspendisse ornare consequat lectus in est risus', '2021-06-02 00:00:00', '2021-09-23 00:00:00', '품절'),
	(792, '273181482-9', '소설', 'Temp', 'Ashia', 'Thoughtmix', 545, 17332, 'noimage.jpg', 'tempus vivamus in felis eu sapien cursus vestibulum proin eu', '2021-07-30 00:00:00', '2021-09-23 00:00:00', '품절'),
	(793, '839486216-0', '만화', 'Subin', 'Loralie', 'Divavu', 761, 20019, 'noimage.jpg', 'ipsum aliquam non mauris morbi non lectus aliquam sit amet', '2021-04-19 00:00:00', '2021-09-23 00:00:00', '품절'),
	(794, '914044666-2', '여행', 'Kanlam', 'Cal', 'Jazzy', 284, 12512, 'noimage.jpg', 'nisi venenatis tristique fusce congue diam id ornare imperdiet sapien urna pretium nisl ut volutpat', '2020-12-04 00:00:00', '2021-09-23 00:00:00', '절판'),
	(795, '203550958-0', '여행', 'Stim', 'Sinclare', 'Browseblab', 952, 25323, 'noimage.jpg', 'leo odio porttitor id consequat in consequat ut nulla sed accumsan felis ut at dolor quis odio consequat varius', '2021-05-17 00:00:00', '2021-09-23 00:00:00', '품절'),
	(796, '760346219-3', '만화', 'Fixflex', 'Genny', 'Pixoboo', 672, 15356, 'noimage.jpg', 'fusce posuere felis sed lacus morbi sem mauris laoreet ut rhoncus aliquet pulvinar sed', '2020-10-21 00:00:00', '2021-09-23 00:00:00', '구편절판'),
	(797, '644215524-2', '경제', 'Greenlam', 'Maribel', 'Bubblemix', 855, 6379, 'noimage.jpg', 'in ante vestibulum ante ipsum primis in faucibus orci luctus et ultrices posuere cubilia curae duis', '2021-05-21 00:00:00', '2021-09-23 00:00:00', '판매중'),
	(798, '187890476-0', '소설', 'Kanlam', 'Cortie', 'Oozz', 118, 9497, 'noimage.jpg', 'turpis integer aliquet massa id lobortis convallis tortor risus dapibus augue vel accumsan tellus', '2021-03-24 00:00:00', '2021-09-23 00:00:00', '판매중'),
	(799, '621243622-3', '경제', 'Zoolab', 'Woodrow', 'Fivespan', 642, 19904, 'noimage.jpg', 'massa quis augue luctus tincidunt nulla mollis molestie lorem quisque ut erat curabitur gravida nisi', '2020-11-08 00:00:00', '2021-09-23 00:00:00', '품절'),
	(800, '536873678-9', '외국어', 'Cardify', 'Annette', 'DabZ', 935, 25826, 'noimage.jpg', 'nulla mollis molestie lorem quisque ut erat curabitur gravida nisi at nibh in hac habitasse platea dictumst aliquam augue quam', '2021-02-19 00:00:00', '2021-09-23 00:00:00', '절판'),
	(801, '857684942-9', '경제', 'Biodex', 'Padget', 'Bluejam', 886, 25648, 'noimage.jpg', 'ullamcorper augue a suscipit nulla elit ac nulla sed vel enim sit amet nunc viverra dapibus nulla', '2021-08-16 00:00:00', '2021-09-23 00:00:00', '절판'),
	(802, '031883232-1', '만화', 'Tin', 'Mattie', 'Linktype', 537, 27810, 'noimage.jpg', 'a nibh in quis justo maecenas rhoncus aliquam lacus morbi quis tortor id nulla', '2020-10-14 00:00:00', '2021-09-23 00:00:00', '구편절판'),
	(803, '449529705-8', '외국어', 'Regrant', 'Daile', 'Yakidoo', 529, 10536, 'noimage.jpg', 'iaculis diam erat fermentum justo nec condimentum neque sapien placerat ante nulla justo aliquam', '2021-02-25 00:00:00', '2021-09-23 00:00:00', '판매중'),
	(804, '667259080-3', '만화', 'Job', 'Michale', 'Zazio', 133, 6827, 'noimage.jpg', 'sed interdum venenatis turpis enim blandit mi in porttitor pede justo eu massa donec dapibus duis at velit eu', '2021-05-10 00:00:00', '2021-09-23 00:00:00', '절판'),
	(806, '849494739-7', '소설', 'Gembucket', 'Corenda', 'Eare', 839, 18896, 'noimage.jpg', 'convallis eget eleifend luctus ultricies eu nibh quisque id justo sit amet sapien dignissim vestibulum vestibulum ante ipsum primis', '2021-04-29 00:00:00', '2021-09-23 00:00:00', '품절'),
	(807, '857953348-1', '외국어', 'Alpha', 'Mellicent', 'Trupe', 787, 27266, 'noimage.jpg', 'morbi odio odio elementum eu interdum eu tincidunt in leo maecenas pulvinar lobortis est phasellus sit amet erat nulla', '2021-05-15 00:00:00', '2021-09-23 00:00:00', '품절'),
	(808, '257802481-2', '여행', 'Y-find', 'Archambault', 'Roomm', 474, 22942, 'noimage.jpg', 'cras non velit nec nisi vulputate nonummy maecenas tincidunt lacus at velit', '2021-06-06 00:00:00', '2021-09-23 00:00:00', '판매중'),
	(809, '160405129-9', '소설', 'Kanlam', 'Faith', 'Jaxspan', 684, 10459, 'noimage.jpg', 'nulla mollis molestie lorem quisque ut erat curabitur gravida nisi', '2021-09-15 00:00:00', '2021-09-23 00:00:00', '구편절판'),
	(810, '321475268-5', '소설', 'Andalax', 'Aarika', 'Gabspot', 905, 12791, 'noimage.jpg', 'mattis nibh ligula nec sem duis aliquam convallis nunc proin at', '2021-07-03 00:00:00', '2021-09-23 00:00:00', '판매중'),
	(811, '911945081-8', '외국어', 'Daltfresh', 'Beulah', 'Fliptune', 205, 22778, 'noimage.jpg', 'est donec odio justo sollicitudin ut suscipit a feugiat et eros vestibulum ac est lacinia nisi venenatis tristique fusce congue', '2020-10-30 00:00:00', '2021-09-23 00:00:00', '품절'),
	(812, '525494075-1', '경제', 'Stim', 'Ninetta', 'Jabbersphere', 604, 29971, 'noimage.jpg', 'integer non velit donec diam neque vestibulum eget vulputate ut ultrices vel augue vestibulum ante ipsum primis in faucibus', '2020-10-04 00:00:00', '2021-09-23 00:00:00', '품절'),
	(813, '232109134-7', '만화', 'Alphazap', 'Debor', 'Oyoloo', 533, 20568, 'noimage.jpg', 'pellentesque volutpat dui maecenas tristique est et tempus semper est quam pharetra magna ac consequat', '2021-04-08 00:00:00', '2021-09-23 00:00:00', '절판'),
	(814, '269580811-9', '만화', 'Toughjoyfax', 'Katy', 'Gigazoom', 455, 18015, 'noimage.jpg', 'natoque penatibus et magnis dis parturient montes nascetur ridiculus mus vivamus vestibulum sagittis sapien cum sociis natoque penatibus et', '2021-02-18 00:00:00', '2021-09-23 00:00:00', '절판'),
	(815, '084627220-2', '경제', 'Rank', 'Michale', 'Eire', 202, 11314, 'noimage.jpg', 'libero convallis eget eleifend luctus ultricies eu nibh quisque id justo sit amet sapien dignissim vestibulum vestibulum ante ipsum primis', '2021-05-06 00:00:00', '2021-09-23 00:00:00', '판매중'),
	(816, '329698644-8', '외국어', 'Matsoft', 'Carolee', 'Agivu', 591, 10416, 'noimage.jpg', 'consequat in consequat ut nulla sed accumsan felis ut at dolor quis odio consequat varius integer', '2020-11-11 00:00:00', '2021-09-23 00:00:00', '판매중'),
	(817, '910801699-2', '경제', 'Bigtax', 'Clemmie', 'Oozz', 741, 5708, 'noimage.jpg', 'sit amet sem fusce consequat nulla nisl nunc nisl duis bibendum felis', '2020-11-03 00:00:00', '2021-09-23 00:00:00', '구편절판'),
	(818, '533605798-3', '만화', 'Voyatouch', 'Berkie', 'Topiclounge', 887, 20789, 'noimage.jpg', 'convallis nulla neque libero convallis eget eleifend luctus ultricies eu nibh quisque id justo sit', '2021-07-17 00:00:00', '2021-09-23 00:00:00', '구편절판'),
	(819, '161082076-2', '경제', 'Zamit', 'Tyne', 'Skimia', 569, 16263, 'noimage.jpg', 'donec diam neque vestibulum eget vulputate ut ultrices vel augue vestibulum ante ipsum primis in faucibus orci luctus', '2020-12-07 00:00:00', '2021-09-23 00:00:00', '품절'),
	(820, '358826231-8', '경제', 'Sonsing', 'Miguela', 'Quimm', 959, 24389, 'noimage.jpg', 'fusce lacus purus aliquet at feugiat non pretium quis lectus suspendisse potenti in eleifend quam', '2021-06-25 00:00:00', '2021-09-23 00:00:00', '절판'),
	(821, '455606583-6', '만화', 'Pannier', 'Shandra', 'Bluezoom', 295, 12259, 'noimage.jpg', 'adipiscing elit proin interdum mauris non ligula pellentesque ultrices phasellus id', '2020-10-11 00:00:00', '2021-09-23 00:00:00', '구편절판'),
	(822, '787114165-1', '만화', 'Tin', 'Dynah', 'Eimbee', 199, 23251, 'noimage.jpg', 'praesent id massa id nisl venenatis lacinia aenean sit amet justo morbi ut', '2021-03-27 00:00:00', '2021-09-23 00:00:00', '판매중'),
	(823, '375488248-1', '여행', 'Mat Lam Tam', 'Maudie', 'Jaxnation', 685, 11556, 'noimage.jpg', 'quis orci nullam molestie nibh in lectus pellentesque at nulla suspendisse potenti cras in purus eu', '2021-01-09 00:00:00', '2021-09-23 00:00:00', '구편절판'),
	(824, '036010691-9', '여행', 'Toughjoyfax', 'Adelaide', 'Yakitri', 849, 5089, 'noimage.jpg', 'volutpat sapien arcu sed augue aliquam erat volutpat in congue etiam justo', '2021-02-07 00:00:00', '2021-09-23 00:00:00', '판매중'),
	(825, '203068962-9', '만화', 'Zamit', 'Betteanne', 'Agivu', 776, 15685, 'noimage.jpg', 'est et tempus semper est quam pharetra magna ac consequat metus sapien', '2021-07-30 00:00:00', '2021-09-23 00:00:00', '품절'),
	(826, '941941449-3', '소설', 'Duobam', 'Maurie', 'Nlounge', 440, 21057, 'noimage.jpg', 'nulla nisl nunc nisl duis bibendum felis sed interdum venenatis turpis enim blandit mi in porttitor', '2021-06-11 00:00:00', '2021-09-23 00:00:00', '구편절판'),
	(827, '836217112-X', '경제', 'Bigtax', 'Jarib', 'Viva', 279, 29184, 'noimage.jpg', 'mattis pulvinar nulla pede ullamcorper augue a suscipit nulla elit ac nulla sed vel enim sit amet', '2020-12-25 00:00:00', '2021-09-23 00:00:00', '구편절판'),
	(828, '551005584-7', '만화', 'Subin', 'Dennie', 'Dabfeed', 719, 17806, 'noimage.jpg', 'morbi ut odio cras mi pede malesuada in imperdiet et commodo vulputate justo in blandit ultrices', '2020-09-23 00:00:00', '2021-09-23 00:00:00', '절판'),
	(829, '695076315-8', '경제', 'Daltfresh', 'Sibilla', 'Wordtune', 795, 13271, 'noimage.jpg', 'duis mattis egestas metus aenean fermentum donec ut mauris eget massa tempor convallis nulla neque libero', '2020-12-17 00:00:00', '2021-09-23 00:00:00', '판매중'),
	(830, '800591257-9', '외국어', 'Veribet', 'Hilly', 'Quaxo', 192, 19812, 'noimage.jpg', 'ridiculus mus vivamus vestibulum sagittis sapien cum sociis natoque penatibus et magnis dis parturient montes nascetur ridiculus mus', '2021-05-11 00:00:00', '2021-09-23 00:00:00', '절판'),
	(831, '147568091-0', '경제', 'Overhold', 'Aile', 'Oyoba', 947, 20563, 'noimage.jpg', 'non quam nec dui luctus rutrum nulla tellus in sagittis dui vel nisl', '2021-05-31 00:00:00', '2021-09-23 00:00:00', '구편절판'),
	(832, '646741964-2', '여행', 'Treeflex', 'Magnum', 'Tagtune', 695, 26121, 'noimage.jpg', 'cras mi pede malesuada in imperdiet et commodo vulputate justo in blandit ultrices enim', '2021-04-17 00:00:00', '2021-09-23 00:00:00', '구편절판'),
	(833, '220646342-3', '경제', 'It', 'Fabio', 'Voomm', 178, 10901, 'noimage.jpg', 'blandit ultrices enim lorem ipsum dolor sit amet consectetuer adipiscing elit proin interdum mauris non ligula pellentesque ultrices phasellus id', '2020-10-11 00:00:00', '2021-09-23 00:00:00', '판매중'),
	(834, '127299817-7', '만화', 'Konklab', 'Cammi', 'Zooxo', 104, 7384, 'noimage.jpg', 'ac diam cras pellentesque volutpat dui maecenas tristique est et tempus semper est quam pharetra magna ac consequat', '2021-04-15 00:00:00', '2021-09-23 00:00:00', '판매중'),
	(835, '745849980-X', '외국어', 'Toughjoyfax', 'Belle', 'Mudo', 956, 24574, 'noimage.jpg', 'tincidunt in leo maecenas pulvinar lobortis est phasellus sit amet erat nulla tempus vivamus', '2021-09-13 00:00:00', '2021-09-23 00:00:00', '절판'),
	(836, '993148095-5', '소설', 'Flowdesk', 'Reeta', 'Yodoo', 816, 10988, 'noimage.jpg', 'odio odio elementum eu interdum eu tincidunt in leo maecenas pulvinar lobortis est phasellus sit', '2021-06-18 00:00:00', '2021-09-23 00:00:00', '구편절판'),
	(837, '335101789-8', '만화', 'Biodex', 'Hendrick', 'Feedfish', 412, 25118, 'noimage.jpg', 'ligula suspendisse ornare consequat lectus in est risus auctor sed tristique in tempus sit', '2021-05-23 00:00:00', '2021-09-23 00:00:00', '판매중'),
	(838, '223766993-7', '경제', 'Cardguard', 'Brittaney', 'Meetz', 566, 20769, 'noimage.jpg', 'lectus in quam fringilla rhoncus mauris enim leo rhoncus sed vestibulum sit', '2021-01-18 00:00:00', '2021-09-23 00:00:00', '절판'),
	(839, '078349238-3', '소설', 'Bitwolf', 'Jacky', 'Jatri', 421, 9962, 'noimage.jpg', 'in faucibus orci luctus et ultrices posuere cubilia curae mauris viverra diam vitae quam suspendisse', '2020-12-29 00:00:00', '2021-09-23 00:00:00', '절판'),
	(840, '760697594-9', '외국어', 'Stringtough', 'Dominica', 'Eadel', 720, 5079, 'noimage.jpg', 'proin interdum mauris non ligula pellentesque ultrices phasellus id sapien in sapien iaculis congue vivamus metus arcu adipiscing molestie', '2020-10-04 00:00:00', '2021-09-23 00:00:00', '판매중'),
	(841, '269982326-0', '소설', 'Temp', 'Mendel', 'Avaveo', 269, 22661, 'noimage.jpg', 'hac habitasse platea dictumst aliquam augue quam sollicitudin vitae consectetuer eget', '2021-04-15 00:00:00', '2021-09-23 00:00:00', '절판'),
	(842, '748748285-5', '외국어', 'Veribet', 'Marti', 'Twinder', 449, 10198, 'noimage.jpg', 'quis turpis eget elit sodales scelerisque mauris sit amet eros suspendisse accumsan tortor quis turpis', '2020-11-20 00:00:00', '2021-09-23 00:00:00', '절판'),
	(843, '449185862-4', '만화', 'Matsoft', 'Irma', 'Flashdog', 797, 16261, 'noimage.jpg', 'eu massa donec dapibus duis at velit eu est congue elementum in hac habitasse platea dictumst', '2021-02-05 00:00:00', '2021-09-23 00:00:00', '품절'),
	(844, '048116580-0', '외국어', 'Stringtough', 'Priscilla', 'Skibox', 372, 22007, 'noimage.jpg', 'nisl nunc rhoncus dui vel sem sed sagittis nam congue risus semper', '2020-11-19 00:00:00', '2021-09-23 00:00:00', '판매중'),
	(845, '964315735-0', '경제', 'Andalax', 'Jocelyn', 'Abata', 173, 10145, 'noimage.jpg', 'tortor duis mattis egestas metus aenean fermentum donec ut mauris eget massa tempor convallis', '2021-04-09 00:00:00', '2021-09-23 00:00:00', '구편절판'),
	(846, '611426163-1', '여행', 'Overhold', 'Silva', 'Jabberstorm', 168, 16428, 'noimage.jpg', 'et ultrices posuere cubilia curae mauris viverra diam vitae quam suspendisse potenti nullam porttitor lacus at turpis donec posuere', '2020-11-28 00:00:00', '2021-09-23 00:00:00', '절판'),
	(847, '472007400-6', '외국어', 'Stim', 'Vassily', 'Jabberstorm', 258, 12797, 'noimage.jpg', 'pretium iaculis justo in hac habitasse platea dictumst etiam faucibus cursus urna ut tellus nulla ut erat id', '2021-03-07 00:00:00', '2021-09-23 00:00:00', '품절'),
	(848, '118126538-X', '소설', 'Biodex', 'Kaja', 'Gigabox', 678, 20724, 'noimage.jpg', 'at velit vivamus vel nulla eget eros elementum pellentesque quisque porta volutpat erat quisque erat eros viverra eget', '2021-07-03 00:00:00', '2021-09-23 00:00:00', '절판'),
	(849, '319038855-5', '소설', 'Cardguard', 'Lyssa', 'JumpXS', 924, 23063, 'noimage.jpg', 'lacus morbi sem mauris laoreet ut rhoncus aliquet pulvinar sed nisl', '2020-10-05 00:00:00', '2021-09-23 00:00:00', '구편절판'),
	(850, '290962731-4', '소설', 'Prodder', 'Parker', 'Tagcat', 605, 20216, 'noimage.jpg', 'orci nullam molestie nibh in lectus pellentesque at nulla suspendisse potenti cras in purus eu magna vulputate luctus cum sociis', '2020-10-10 00:00:00', '2021-09-23 00:00:00', '판매중'),
	(851, '331504848-7', '만화', 'Konklux', 'Valida', 'Gigabox', 850, 13946, 'noimage.jpg', 'urna pretium nisl ut volutpat sapien arcu sed augue aliquam erat volutpat in congue etiam justo etiam', '2020-10-11 00:00:00', '2021-09-23 00:00:00', '절판'),
	(852, '136493070-6', '여행', 'Span', 'Ahmed', 'Browsecat', 434, 20315, 'noimage.jpg', 'purus aliquet at feugiat non pretium quis lectus suspendisse potenti in eleifend quam a odio in hac habitasse platea dictumst', '2021-04-17 00:00:00', '2021-09-23 00:00:00', '품절'),
	(853, '023818778-0', '여행', 'Fix San', 'Rutledge', 'Meezzy', 423, 15974, 'noimage.jpg', 'at dolor quis odio consequat varius integer ac leo pellentesque ultrices mattis odio donec vitae nisi nam', '2021-03-25 00:00:00', '2021-09-23 00:00:00', '구편절판'),
	(854, '047208416-X', '만화', 'Bigtax', 'Gordie', 'Trudeo', 483, 17494, 'noimage.jpg', 'vestibulum sit amet cursus id turpis integer aliquet massa id lobortis convallis tortor risus dapibus augue vel accumsan tellus', '2021-07-28 00:00:00', '2021-09-23 00:00:00', '판매중'),
	(855, '969405264-5', '외국어', 'Job', 'Justina', 'Yadel', 512, 25065, 'noimage.jpg', 'dictumst etiam faucibus cursus urna ut tellus nulla ut erat id mauris vulputate elementum', '2021-02-17 00:00:00', '2021-09-23 00:00:00', '품절'),
	(856, '740001604-0', '만화', 'Konklab', 'Ursuline', 'Tazz', 129, 22951, 'noimage.jpg', 'integer pede justo lacinia eget tincidunt eget tempus vel pede', '2021-06-12 00:00:00', '2021-09-23 00:00:00', '판매중'),
	(857, '546332458-1', '소설', 'Fixflex', 'Manda', 'Avamm', 715, 9565, 'noimage.jpg', 'et ultrices posuere cubilia curae duis faucibus accumsan odio curabitur convallis duis consequat dui nec nisi', '2021-02-04 00:00:00', '2021-09-23 00:00:00', '품절'),
	(858, '218388443-6', '여행', 'Biodex', 'Matthieu', 'Pixoboo', 205, 27891, 'noimage.jpg', 'faucibus accumsan odio curabitur convallis duis consequat dui nec nisi volutpat eleifend donec ut dolor morbi vel', '2020-10-23 00:00:00', '2021-09-23 00:00:00', '구편절판'),
	(859, '028893404-0', '소설', 'Cardify', 'Trefor', 'Voomm', 155, 14160, 'noimage.jpg', 'eleifend luctus ultricies eu nibh quisque id justo sit amet sapien dignissim vestibulum', '2021-06-23 00:00:00', '2021-09-23 00:00:00', '절판'),
	(860, '424247222-6', '경제', 'Fixflex', 'Colan', 'Edgewire', 482, 20196, 'noimage.jpg', 'et magnis dis parturient montes nascetur ridiculus mus vivamus vestibulum', '2021-05-04 00:00:00', '2021-09-23 00:00:00', '절판'),
	(861, '371053699-5', '외국어', 'Regrant', 'Stella', 'Tekfly', 283, 20475, 'noimage.jpg', 'id pretium iaculis diam erat fermentum justo nec condimentum neque sapien placerat ante nulla justo aliquam', '2021-08-02 00:00:00', '2021-09-23 00:00:00', '품절'),
	(862, '570803530-7', '외국어', 'Temp', 'Allistir', 'Ailane', 959, 17927, 'noimage.jpg', 'amet turpis elementum ligula vehicula consequat morbi a ipsum integer', '2021-04-02 00:00:00', '2021-09-23 00:00:00', '판매중'),
	(863, '060299451-9', '만화', 'Flowdesk', 'Aubry', 'Rooxo', 208, 14898, 'noimage.jpg', 'maecenas rhoncus aliquam lacus morbi quis tortor id nulla ultrices aliquet maecenas leo odio condimentum id luctus', '2021-07-02 00:00:00', '2021-09-23 00:00:00', '품절'),
	(864, '059723458-2', '여행', 'Y-Solowarm', 'Catherina', 'Skinte', 788, 17878, 'noimage.jpg', 'nec sem duis aliquam convallis nunc proin at turpis a pede posuere nonummy integer non velit donec diam neque vestibulum', '2020-11-17 00:00:00', '2021-09-23 00:00:00', '절판'),
	(865, '265024580-8', '여행', 'Zamit', 'Nicolis', 'Zava', 895, 22298, 'noimage.jpg', 'consequat ut nulla sed accumsan felis ut at dolor quis odio', '2021-05-22 00:00:00', '2021-09-23 00:00:00', '판매중'),
	(866, '141877132-5', '경제', 'Job', 'Lucias', 'Flashdog', 939, 17268, 'noimage.jpg', 'diam id ornare imperdiet sapien urna pretium nisl ut volutpat sapien arcu', '2020-12-24 00:00:00', '2021-09-23 00:00:00', '판매중'),
	(867, '211076194-6', '경제', 'Home Ing', 'Earl', 'Feedfish', 111, 23771, 'noimage.jpg', 'tortor duis mattis egestas metus aenean fermentum donec ut mauris eget massa tempor', '2021-07-25 00:00:00', '2021-09-23 00:00:00', '판매중'),
	(868, '875867566-3', '경제', 'Job', 'Ashlee', 'Topicstorm', 310, 28118, 'noimage.jpg', 'lectus in est risus auctor sed tristique in tempus sit amet sem fusce consequat', '2020-11-25 00:00:00', '2021-09-23 00:00:00', '구편절판'),
	(869, '025298211-8', '외국어', 'Toughjoyfax', 'Ewan', 'Ainyx', 136, 14789, 'noimage.jpg', 'sapien in sapien iaculis congue vivamus metus arcu adipiscing molestie hendrerit at vulputate vitae nisl aenean lectus pellentesque eget nunc', '2021-06-09 00:00:00', '2021-09-23 00:00:00', '구편절판'),
	(870, '817436236-3', '만화', 'Cardify', 'Maxy', 'Feedmix', 377, 15100, 'noimage.jpg', 'neque duis bibendum morbi non quam nec dui luctus rutrum nulla tellus in sagittis dui vel', '2021-01-25 00:00:00', '2021-09-23 00:00:00', '품절'),
	(871, '322082307-6', '소설', 'Andalax', 'Jethro', 'Skivee', 193, 14390, 'noimage.jpg', 'turpis donec posuere metus vitae ipsum aliquam non mauris morbi non lectus aliquam', '2021-08-15 00:00:00', '2021-09-23 00:00:00', '판매중'),
	(872, '438299577-9', '만화', 'Cardify', 'Theodosia', 'Jabbersphere', 680, 13035, 'noimage.jpg', 'pede libero quis orci nullam molestie nibh in lectus pellentesque at nulla', '2021-01-27 00:00:00', '2021-09-23 00:00:00', '절판'),
	(873, '881305190-5', '여행', 'Y-Solowarm', 'Evanne', 'Kwimbee', 431, 12346, 'noimage.jpg', 'proin at turpis a pede posuere nonummy integer non velit donec diam neque vestibulum', '2021-05-05 00:00:00', '2021-09-23 00:00:00', '품절'),
	(874, '987318769-3', '여행', 'Toughjoyfax', 'Pedro', 'Jayo', 917, 6564, 'noimage.jpg', 'amet sapien dignissim vestibulum vestibulum ante ipsum primis in faucibus orci luctus et ultrices posuere cubilia curae nulla dapibus dolor', '2020-11-22 00:00:00', '2021-09-23 00:00:00', '절판'),
	(875, '267834933-0', '소설', 'Bytecard', 'Edsel', 'Eidel', 118, 15569, 'noimage.jpg', 'a nibh in quis justo maecenas rhoncus aliquam lacus morbi quis tortor', '2020-10-22 00:00:00', '2021-09-23 00:00:00', '품절'),
	(876, '640245070-7', '경제', 'Sonair', 'Rolfe', 'Realblab', 302, 18300, 'noimage.jpg', 'lacus purus aliquet at feugiat non pretium quis lectus suspendisse potenti in eleifend quam a odio in', '2021-07-14 00:00:00', '2021-09-23 00:00:00', '절판'),
	(877, '338971237-2', '여행', 'Gembucket', 'Carole', 'Aimbo', 246, 24571, 'noimage.jpg', 'cum sociis natoque penatibus et magnis dis parturient montes nascetur ridiculus mus etiam', '2021-01-03 00:00:00', '2021-09-23 00:00:00', '판매중'),
	(878, '828711303-2', '소설', 'Holdlamis', 'Jake', 'Quatz', 551, 21058, 'noimage.jpg', 'dolor sit amet consectetuer adipiscing elit proin risus praesent lectus vestibulum quam sapien varius', '2020-10-10 00:00:00', '2021-09-23 00:00:00', '품절'),
	(879, '966883114-4', '소설', 'Keylex', 'Ellyn', 'Lajo', 704, 28739, 'noimage.jpg', 'odio condimentum id luctus nec molestie sed justo pellentesque viverra pede', '2021-06-17 00:00:00', '2021-09-23 00:00:00', '판매중'),
	(880, '045337705-X', '만화', 'Konklux', 'Patsy', 'Photofeed', 714, 9075, 'noimage.jpg', 'tristique fusce congue diam id ornare imperdiet sapien urna pretium nisl ut volutpat sapien', '2020-11-19 00:00:00', '2021-09-23 00:00:00', '절판'),
	(881, '332679630-7', '소설', 'Stronghold', 'Uriel', 'Ozu', 254, 20475, 'noimage.jpg', 'turpis eget elit sodales scelerisque mauris sit amet eros suspendisse accumsan tortor quis', '2020-12-29 00:00:00', '2021-09-23 00:00:00', '판매중'),
	(882, '399079288-1', '만화', 'Sub-Ex', 'Danni', 'Leenti', 587, 13464, 'noimage.jpg', 'at dolor quis odio consequat varius integer ac leo pellentesque ultrices mattis odio donec vitae nisi nam ultrices libero non', '2021-03-03 00:00:00', '2021-09-23 00:00:00', '구편절판'),
	(883, '744451097-0', '경제', 'Bytecard', 'Darcey', 'Meedoo', 542, 25886, 'noimage.jpg', 'leo rhoncus sed vestibulum sit amet cursus id turpis integer aliquet massa id lobortis convallis tortor risus dapibus augue', '2021-04-03 00:00:00', '2021-09-23 00:00:00', '판매중'),
	(884, '425474797-7', '여행', 'Tampflex', 'Shana', 'Mycat', 451, 10439, 'noimage.jpg', 'lectus in quam fringilla rhoncus mauris enim leo rhoncus sed vestibulum sit amet cursus id turpis integer aliquet massa', '2021-03-21 00:00:00', '2021-09-23 00:00:00', '판매중'),
	(885, '420730257-3', '만화', 'Domainer', 'Marten', 'Skyba', 183, 11207, 'noimage.jpg', 'platea dictumst morbi vestibulum velit id pretium iaculis diam erat fermentum justo', '2020-12-02 00:00:00', '2021-09-23 00:00:00', '구편절판'),
	(886, '412597567-1', '여행', 'Zoolab', 'Tod', 'Jabbersphere', 103, 19066, 'noimage.jpg', 'sed tristique in tempus sit amet sem fusce consequat nulla nisl nunc nisl duis bibendum felis sed interdum venenatis', '2021-02-17 00:00:00', '2021-09-23 00:00:00', '절판'),
	(887, '384404209-1', '외국어', 'Domainer', 'Jeanna', 'Kwimbee', 889, 17184, 'noimage.jpg', 'nulla sed vel enim sit amet nunc viverra dapibus nulla suscipit ligula in lacus', '2021-07-13 00:00:00', '2021-09-23 00:00:00', '판매중'),
	(888, '859682439-1', '소설', 'Sonsing', 'Aridatha', 'Bubblemix', 401, 17095, 'noimage.jpg', 'in hac habitasse platea dictumst maecenas ut massa quis augue luctus tincidunt nulla mollis molestie', '2021-05-18 00:00:00', '2021-09-23 00:00:00', '절판'),
	(889, '396661111-2', '경제', 'Ronstring', 'Marylou', 'Youspan', 483, 26192, 'noimage.jpg', 'orci luctus et ultrices posuere cubilia curae nulla dapibus dolor vel est donec odio justo sollicitudin ut suscipit a', '2021-07-15 00:00:00', '2021-09-23 00:00:00', '품절'),
	(890, '637588729-1', '소설', 'Solarbreeze', 'Teressa', 'Oyope', 231, 24307, 'noimage.jpg', 'ut volutpat sapien arcu sed augue aliquam erat volutpat in', '2021-04-02 00:00:00', '2021-09-23 00:00:00', '품절'),
	(891, '120096682-1', '소설', 'Quo Lux', 'Lusa', 'Abatz', 357, 10449, 'noimage.jpg', 'tellus semper interdum mauris ullamcorper purus sit amet nulla quisque', '2020-10-19 00:00:00', '2021-09-23 00:00:00', '판매중'),
	(892, '365819141-4', '경제', 'Home Ing', 'Gideon', 'Jamia', 645, 8048, 'noimage.jpg', 'proin leo odio porttitor id consequat in consequat ut nulla sed accumsan felis ut at dolor', '2021-08-14 00:00:00', '2021-09-23 00:00:00', '절판'),
	(893, '788716432-X', '소설', 'Holdlamis', 'Iona', 'Omba', 845, 21683, 'noimage.jpg', 'duis mattis egestas metus aenean fermentum donec ut mauris eget massa tempor convallis', '2021-04-19 00:00:00', '2021-09-23 00:00:00', '품절'),
	(894, '844591661-0', '여행', 'Voyatouch', 'Itch', 'Jabbersphere', 336, 18278, 'noimage.jpg', 'velit nec nisi vulputate nonummy maecenas tincidunt lacus at velit vivamus vel nulla eget eros elementum pellentesque quisque porta volutpat', '2021-07-11 00:00:00', '2021-09-23 00:00:00', '구편절판'),
	(895, '731440335-X', '소설', 'Y-Solowarm', 'Zaria', 'Browsetype', 242, 28147, 'noimage.jpg', 'massa tempor convallis nulla neque libero convallis eget eleifend luctus ultricies eu nibh quisque id justo sit amet', '2021-05-14 00:00:00', '2021-09-23 00:00:00', '구편절판'),
	(896, '985426611-7', '경제', 'Viva', 'Katee', 'Oyoba', 271, 19357, 'noimage.jpg', 'sit amet consectetuer adipiscing elit proin interdum mauris non ligula', '2020-10-04 00:00:00', '2021-09-23 00:00:00', '품절'),
	(897, '255095978-7', '여행', 'Holdlamis', 'Fran', 'Nlounge', 947, 16389, 'noimage.jpg', 'at nibh in hac habitasse platea dictumst aliquam augue quam sollicitudin vitae consectetuer eget rutrum at', '2021-03-31 00:00:00', '2021-09-23 00:00:00', '절판'),
	(898, '055936324-9', '외국어', 'Holdlamis', 'Larina', 'Zoomdog', 667, 28706, 'noimage.jpg', 'justo aliquam quis turpis eget elit sodales scelerisque mauris sit amet eros suspendisse accumsan tortor quis turpis sed ante vivamus', '2021-01-15 00:00:00', '2021-09-23 00:00:00', '구편절판'),
	(899, '530523449-2', '소설', 'Overhold', 'Harrietta', 'Voolith', 166, 20787, 'noimage.jpg', 'viverra pede ac diam cras pellentesque volutpat dui maecenas tristique est et tempus semper est quam pharetra magna', '2020-12-13 00:00:00', '2021-09-23 00:00:00', '절판'),
	(900, '530658594-9', '여행', 'Stronghold', 'Munroe', 'DabZ', 626, 18495, 'noimage.jpg', 'amet turpis elementum ligula vehicula consequat morbi a ipsum integer a', '2021-07-28 00:00:00', '2021-09-23 00:00:00', '구편절판'),
	(901, '357211396-2', '경제', 'Voyatouch', 'Margie', 'Chatterbridge', 879, 12113, 'noimage.jpg', 'curae duis faucibus accumsan odio curabitur convallis duis consequat dui nec nisi volutpat eleifend', '2020-10-04 00:00:00', '2021-09-23 00:00:00', '판매중'),
	(902, '328299085-5', '만화', 'Zathin', 'Mirelle', 'Bubblebox', 443, 12456, 'noimage.jpg', 'dui proin leo odio porttitor id consequat in consequat ut nulla sed', '2021-09-09 00:00:00', '2021-09-23 00:00:00', '판매중'),
	(903, '647121452-9', '여행', 'Bigtax', 'Herbie', 'Skivee', 486, 21428, 'noimage.jpg', 'metus arcu adipiscing molestie hendrerit at vulputate vitae nisl aenean', '2021-03-02 00:00:00', '2021-09-23 00:00:00', '품절'),
	(904, '639882429-6', '여행', 'Tempsoft', 'Cassandre', 'Avavee', 559, 8768, 'noimage.jpg', 'iaculis justo in hac habitasse platea dictumst etiam faucibus cursus urna ut tellus nulla ut erat id mauris', '2021-08-14 00:00:00', '2021-09-23 00:00:00', '판매중'),
	(905, '441475425-9', '만화', 'Tampflex', 'Audrey', 'Devshare', 926, 28349, 'noimage.jpg', 'sit amet erat nulla tempus vivamus in felis eu sapien cursus vestibulum', '2020-10-17 00:00:00', '2021-09-23 00:00:00', '구편절판'),
	(906, '223894322-6', '만화', 'Biodex', 'Maribel', 'Tagchat', 476, 18330, 'noimage.jpg', 'eget massa tempor convallis nulla neque libero convallis eget eleifend luctus ultricies eu', '2021-07-10 00:00:00', '2021-09-23 00:00:00', '품절'),
	(907, '031589738-4', '여행', 'Konklux', 'Alfy', 'Photobug', 212, 15281, 'noimage.jpg', 'lacinia eget tincidunt eget tempus vel pede morbi porttitor lorem id ligula suspendisse ornare', '2020-12-08 00:00:00', '2021-09-23 00:00:00', '구편절판'),
	(908, '103727986-7', '소설', 'Stronghold', 'Findlay', 'Katz', 885, 25659, 'noimage.jpg', 'maecenas ut massa quis augue luctus tincidunt nulla mollis molestie lorem quisque ut erat curabitur', '2021-03-03 00:00:00', '2021-09-23 00:00:00', '품절'),
	(909, '907256829-X', '외국어', 'Stringtough', 'Bink', 'Skivee', 987, 19889, 'noimage.jpg', 'eu tincidunt in leo maecenas pulvinar lobortis est phasellus sit amet erat', '2021-06-14 00:00:00', '2021-09-23 00:00:00', '판매중'),
	(910, '955247434-5', '외국어', 'Sub-Ex', 'Torey', 'Talane', 492, 10430, 'noimage.jpg', 'volutpat convallis morbi odio odio elementum eu interdum eu tincidunt', '2020-10-24 00:00:00', '2021-09-23 00:00:00', '품절'),
	(911, '209210815-8', '외국어', 'Sub-Ex', 'Raffaello', 'Yoveo', 578, 23475, 'noimage.jpg', 'eu mi nulla ac enim in tempor turpis nec euismod scelerisque quam turpis adipiscing lorem vitae mattis nibh ligula', '2020-12-10 00:00:00', '2021-09-23 00:00:00', '판매중'),
	(912, '829468732-4', '외국어', 'Toughjoyfax', 'Orelia', 'Chatterbridge', 118, 7618, 'noimage.jpg', 'nulla nisl nunc nisl duis bibendum felis sed interdum venenatis turpis enim blandit mi', '2021-01-21 00:00:00', '2021-09-23 00:00:00', '절판'),
	(913, '582283718-2', '만화', 'Zaam-Dox', 'Liv', 'Mybuzz', 831, 19563, 'noimage.jpg', 'elit proin interdum mauris non ligula pellentesque ultrices phasellus id sapien in', '2021-09-05 00:00:00', '2021-09-23 00:00:00', '절판'),
	(914, '650697500-8', '만화', 'Solarbreeze', 'Aubert', 'Topicware', 362, 18358, 'noimage.jpg', 'rhoncus dui vel sem sed sagittis nam congue risus semper porta volutpat quam pede lobortis ligula sit', '2021-08-10 00:00:00', '2021-09-23 00:00:00', '절판'),
	(915, '280566767-0', '여행', 'Temp', 'Jenda', 'Wordpedia', 641, 8507, 'noimage.jpg', 'donec semper sapien a libero nam dui proin leo odio porttitor id consequat', '2021-08-19 00:00:00', '2021-09-23 00:00:00', '품절'),
	(916, '674007064-4', '외국어', 'Greenlam', 'Teddi', 'Yadel', 387, 24910, 'noimage.jpg', 'etiam faucibus cursus urna ut tellus nulla ut erat id mauris vulputate elementum nullam varius nulla', '2021-03-02 00:00:00', '2021-09-23 00:00:00', '품절'),
	(917, '769925215-2', '소설', 'Wrapsafe', 'Agneta', 'Tavu', 296, 25940, 'noimage.jpg', 'mattis nibh ligula nec sem duis aliquam convallis nunc proin at turpis a pede posuere nonummy integer non', '2021-08-31 00:00:00', '2021-09-23 00:00:00', '판매중'),
	(918, '549011472-X', '경제', 'Aerified', 'Yale', 'Gevee', 294, 9123, 'noimage.jpg', 'mus etiam vel augue vestibulum rutrum rutrum neque aenean auctor gravida sem praesent id massa id nisl venenatis', '2021-02-14 00:00:00', '2021-09-23 00:00:00', '구편절판'),
	(919, '499782204-3', '만화', 'Voyatouch', 'Dimitri', 'Agivu', 619, 19390, 'noimage.jpg', 'molestie hendrerit at vulputate vitae nisl aenean lectus pellentesque eget nunc donec', '2020-09-23 00:00:00', '2021-09-23 00:00:00', '판매중'),
	(920, '798943622-1', '소설', 'Tampflex', 'Aubrette', 'Skidoo', 556, 15529, 'noimage.jpg', 'consequat lectus in est risus auctor sed tristique in tempus sit amet sem fusce consequat nulla nisl nunc nisl', '2021-04-18 00:00:00', '2021-09-23 00:00:00', '판매중'),
	(921, '442237345-5', '여행', 'Cardify', 'Van', 'Trilia', 128, 20965, 'noimage.jpg', 'in faucibus orci luctus et ultrices posuere cubilia curae nulla', '2021-05-21 00:00:00', '2021-09-23 00:00:00', '판매중'),
	(922, '895272798-3', '소설', 'Cookley', 'Percy', 'Jabbersphere', 881, 16777, 'noimage.jpg', 'in purus eu magna vulputate luctus cum sociis natoque penatibus et magnis dis parturient montes nascetur ridiculus mus vivamus vestibulum', '2021-02-21 00:00:00', '2021-09-23 00:00:00', '판매중'),
	(923, '015078750-2', '소설', 'Flexidy', 'Waverley', 'Jetpulse', 184, 18201, 'noimage.jpg', 'tincidunt in leo maecenas pulvinar lobortis est phasellus sit amet erat nulla', '2021-08-23 00:00:00', '2021-09-23 00:00:00', '판매중'),
	(924, '398662708-1', '외국어', 'Tampflex', 'Debby', 'Mudo', 921, 7490, 'noimage.jpg', 'a odio in hac habitasse platea dictumst maecenas ut massa quis augue luctus tincidunt nulla mollis', '2021-01-06 00:00:00', '2021-09-23 00:00:00', '품절'),
	(925, '228902314-0', '여행', 'Quo Lux', 'Walsh', 'Voonix', 938, 21466, 'noimage.jpg', 'sapien quis libero nullam sit amet turpis elementum ligula vehicula consequat morbi a ipsum integer a', '2021-05-28 00:00:00', '2021-09-23 00:00:00', '품절'),
	(926, '418365844-6', '경제', 'Domainer', 'Gary', 'Twiyo', 100, 24884, 'noimage.jpg', 'suspendisse potenti in eleifend quam a odio in hac habitasse', '2021-02-27 00:00:00', '2021-09-23 00:00:00', '품절'),
	(927, '297326637-8', '소설', 'Tin', 'Burke', 'Flipbug', 571, 6961, 'noimage.jpg', 'tempus vel pede morbi porttitor lorem id ligula suspendisse ornare consequat lectus in est risus auctor', '2021-02-17 00:00:00', '2021-09-23 00:00:00', '품절'),
	(928, '451342748-5', '경제', 'Fixflex', 'Sherlock', 'Yakijo', 873, 7280, 'noimage.jpg', 'in faucibus orci luctus et ultrices posuere cubilia curae mauris viverra diam', '2021-03-04 00:00:00', '2021-09-23 00:00:00', '판매중'),
	(929, '751433853-5', '만화', 'Span', 'Der', 'Gabtype', 491, 6721, 'noimage.jpg', 'in hac habitasse platea dictumst morbi vestibulum velit id pretium iaculis diam erat fermentum justo', '2021-07-09 00:00:00', '2021-09-23 00:00:00', '구편절판'),
	(930, '928974775-7', '만화', 'Span', 'Thornie', 'Janyx', 824, 17444, 'noimage.jpg', 'volutpat dui maecenas tristique est et tempus semper est quam pharetra magna ac consequat metus sapien', '2021-04-13 00:00:00', '2021-09-23 00:00:00', '구편절판'),
	(931, '180913913-9', '경제', 'Opela', 'Oralee', 'Livepath', 709, 22810, 'noimage.jpg', 'at nunc commodo placerat praesent blandit nam nulla integer pede justo lacinia eget tincidunt eget tempus vel pede morbi porttitor', '2021-02-22 00:00:00', '2021-09-23 00:00:00', '절판'),
	(932, '404240618-1', '소설', 'Daltfresh', 'Maria', 'Plajo', 190, 7039, 'noimage.jpg', 'maecenas tristique est et tempus semper est quam pharetra magna ac consequat metus sapien ut nunc', '2021-05-10 00:00:00', '2021-09-23 00:00:00', '절판'),
	(933, '737908884-X', '소설', 'It', 'Sidnee', 'Wikido', 652, 9970, 'noimage.jpg', 'ipsum ac tellus semper interdum mauris ullamcorper purus sit amet nulla quisque arcu libero rutrum ac', '2021-02-02 00:00:00', '2021-09-23 00:00:00', '품절'),
	(934, '214416772-9', '외국어', 'Bamity', 'Felecia', 'Flashpoint', 522, 25300, 'noimage.jpg', 'in hac habitasse platea dictumst etiam faucibus cursus urna ut tellus nulla ut erat id', '2021-01-02 00:00:00', '2021-09-23 00:00:00', '절판'),
	(935, '016478708-9', '경제', 'Mat Lam Tam', 'Loleta', 'Tagcat', 446, 12505, 'noimage.jpg', 'vestibulum ante ipsum primis in faucibus orci luctus et ultrices posuere cubilia curae duis faucibus accumsan odio curabitur convallis', '2021-07-27 00:00:00', '2021-09-23 00:00:00', '구편절판'),
	(936, '566787213-7', '외국어', 'Fix San', 'Orelee', 'Oyope', 721, 26855, 'noimage.jpg', 'ultrices libero non mattis pulvinar nulla pede ullamcorper augue a suscipit nulla elit ac nulla sed', '2020-10-18 00:00:00', '2021-09-23 00:00:00', '구편절판'),
	(937, '255780573-4', '만화', 'Tempsoft', 'Thedric', 'Leenti', 574, 24533, 'noimage.jpg', 'donec diam neque vestibulum eget vulputate ut ultrices vel augue vestibulum ante', '2021-09-08 00:00:00', '2021-09-23 00:00:00', '품절'),
	(938, '833687616-2', '여행', 'Trippledex', 'Johannes', 'Meedoo', 237, 10435, 'noimage.jpg', 'et tempus semper est quam pharetra magna ac consequat metus sapien ut nunc vestibulum ante ipsum', '2021-02-27 00:00:00', '2021-09-23 00:00:00', '절판'),
	(939, '854107235-5', '여행', 'Fix San', 'Brietta', 'Flashspan', 788, 15247, 'noimage.jpg', 'in ante vestibulum ante ipsum primis in faucibus orci luctus et ultrices posuere cubilia', '2021-02-20 00:00:00', '2021-09-23 00:00:00', '절판'),
	(940, '549010957-2', '여행', 'Andalax', 'Kathryne', 'Skajo', 555, 7078, 'noimage.jpg', 'venenatis turpis enim blandit mi in porttitor pede justo eu massa', '2021-01-21 00:00:00', '2021-09-23 00:00:00', '품절'),
	(941, '966938461-3', '여행', 'Latlux', 'Xylia', 'Oyoyo', 938, 29659, 'noimage.jpg', 'facilisi cras non velit nec nisi vulputate nonummy maecenas tincidunt lacus at velit', '2021-04-27 00:00:00', '2021-09-23 00:00:00', '구편절판'),
	(942, '040107434-X', '외국어', 'Home Ing', 'Swen', 'Realcube', 318, 18906, 'noimage.jpg', 'commodo vulputate justo in blandit ultrices enim lorem ipsum dolor', '2021-09-20 00:00:00', '2021-09-23 00:00:00', '품절'),
	(943, '442615258-5', '소설', 'Kanlam', 'Hildagarde', 'Fiveclub', 363, 19593, 'noimage.jpg', 'porta volutpat erat quisque erat eros viverra eget congue eget semper rutrum nulla nunc purus phasellus in', '2021-02-02 00:00:00', '2021-09-23 00:00:00', '판매중'),
	(944, '588259412-X', '경제', 'Solarbreeze', 'Maureene', 'Lazzy', 385, 13220, 'noimage.jpg', 'amet sem fusce consequat nulla nisl nunc nisl duis bibendum felis sed interdum venenatis turpis enim blandit mi in', '2021-08-31 00:00:00', '2021-09-23 00:00:00', '구편절판'),
	(945, '048791383-3', '만화', 'Overhold', 'Myra', 'Gevee', 132, 13782, 'noimage.jpg', 'vel lectus in quam fringilla rhoncus mauris enim leo rhoncus sed vestibulum', '2021-03-30 00:00:00', '2021-09-23 00:00:00', '절판'),
	(946, '132883971-0', '소설', 'Sonsing', 'Booth', 'Photobean', 208, 29035, 'noimage.jpg', 'urna pretium nisl ut volutpat sapien arcu sed augue aliquam erat volutpat in congue etiam justo etiam', '2021-04-22 00:00:00', '2021-09-23 00:00:00', '판매중'),
	(947, '314791274-4', '경제', 'Span', 'Rik', 'Kimia', 754, 7899, 'noimage.jpg', 'feugiat non pretium quis lectus suspendisse potenti in eleifend quam', '2021-08-21 00:00:00', '2021-09-23 00:00:00', '구편절판'),
	(948, '758624106-6', '경제', 'Asoka', 'Wynny', 'Teklist', 171, 11661, 'noimage.jpg', 'sit amet nulla quisque arcu libero rutrum ac lobortis vel dapibus at diam nam tristique', '2021-08-07 00:00:00', '2021-09-23 00:00:00', '절판'),
	(949, '348880537-9', '외국어', 'Redhold', 'Adena', 'Twinte', 148, 22693, 'noimage.jpg', 'pede posuere nonummy integer non velit donec diam neque vestibulum eget vulputate ut ultrices', '2021-08-03 00:00:00', '2021-09-23 00:00:00', '절판'),
	(950, '127032802-6', '소설', 'Mat Lam Tam', 'Laurens', 'Tazzy', 684, 8871, 'noimage.jpg', 'congue diam id ornare imperdiet sapien urna pretium nisl ut volutpat', '2021-08-29 00:00:00', '2021-09-23 00:00:00', '구편절판'),
	(951, '584141547-6', '만화', 'Job', 'Jena', 'Tambee', 956, 21502, 'noimage.jpg', 'elementum eu interdum eu tincidunt in leo maecenas pulvinar lobortis est phasellus sit amet', '2021-04-13 00:00:00', '2021-09-23 00:00:00', '구편절판'),
	(952, '136282052-0', '만화', 'Pannier', 'Jemima', 'Aivee', 250, 6998, 'noimage.jpg', 'ipsum primis in faucibus orci luctus et ultrices posuere cubilia curae duis faucibus accumsan odio curabitur', '2021-08-13 00:00:00', '2021-09-23 00:00:00', '구편절판'),
	(953, '114319218-4', '소설', 'Domainer', 'Bari', 'Latz', 816, 7561, 'noimage.jpg', 'nulla justo aliquam quis turpis eget elit sodales scelerisque mauris sit amet eros suspendisse accumsan tortor quis turpis', '2021-01-04 00:00:00', '2021-09-23 00:00:00', '절판'),
	(954, '558994535-6', '만화', 'Trippledex', 'Lenore', 'Thoughtworks', 385, 17780, 'noimage.jpg', 'aliquam sit amet diam in magna bibendum imperdiet nullam orci pede venenatis non sodales sed', '2021-08-23 00:00:00', '2021-09-23 00:00:00', '품절'),
	(955, '120045574-6', '만화', 'Fintone', 'Pascale', 'Meevee', 996, 23266, 'noimage.jpg', 'cursus id turpis integer aliquet massa id lobortis convallis tortor risus dapibus augue vel accumsan tellus nisi', '2021-08-06 00:00:00', '2021-09-23 00:00:00', '판매중'),
	(956, '803979480-3', '만화', 'Span', 'Angeli', 'Skyndu', 887, 27145, 'noimage.jpg', 'nam nulla integer pede justo lacinia eget tincidunt eget tempus vel pede', '2021-05-17 00:00:00', '2021-09-23 00:00:00', '판매중'),
	(957, '096304891-0', '외국어', 'Trippledex', 'Jerry', 'Gigazoom', 132, 16525, 'noimage.jpg', 'ut tellus nulla ut erat id mauris vulputate elementum nullam varius nulla facilisi cras', '2021-06-01 00:00:00', '2021-09-23 00:00:00', '품절'),
	(958, '542420986-6', '만화', 'Aerified', 'Concordia', 'Skajo', 664, 11653, 'noimage.jpg', 'nisl duis bibendum felis sed interdum venenatis turpis enim blandit mi in porttitor pede justo eu massa donec dapibus duis', '2021-07-05 00:00:00', '2021-09-23 00:00:00', '절판'),
	(959, '134540764-5', '외국어', 'Tresom', 'Calla', 'Eare', 538, 12201, 'noimage.jpg', 'nullam varius nulla facilisi cras non velit nec nisi vulputate nonummy', '2021-06-26 00:00:00', '2021-09-23 00:00:00', '품절'),
	(960, '763866752-2', '여행', 'Overhold', 'Lacey', 'Talane', 495, 25449, 'noimage.jpg', 'interdum in ante vestibulum ante ipsum primis in faucibus orci luctus et ultrices posuere cubilia curae duis', '2021-08-22 00:00:00', '2021-09-23 00:00:00', '구편절판'),
	(961, '083152035-3', '외국어', 'Fixflex', 'Turner', 'Realmix', 196, 13501, 'noimage.jpg', 'luctus et ultrices posuere cubilia curae duis faucibus accumsan odio', '2021-01-14 00:00:00', '2021-09-23 00:00:00', '품절'),
	(962, '024361768-2', '여행', 'Konklab', 'Gram', 'Kazio', 514, 14744, 'noimage.jpg', 'pede morbi porttitor lorem id ligula suspendisse ornare consequat lectus in', '2020-12-05 00:00:00', '2021-09-23 00:00:00', '구편절판'),
	(963, '954472208-4', '소설', 'Biodex', 'Dex', 'Skipstorm', 449, 26339, 'noimage.jpg', 'pellentesque volutpat dui maecenas tristique est et tempus semper est quam pharetra magna ac', '2021-08-03 00:00:00', '2021-09-23 00:00:00', '품절'),
	(964, '741793882-5', '경제', 'Namfix', 'Isa', 'Rhyloo', 308, 5336, 'noimage.jpg', 'in congue etiam justo etiam pretium iaculis justo in hac habitasse platea', '2021-09-06 00:00:00', '2021-09-23 00:00:00', '판매중'),
	(965, '989192307-X', '외국어', 'Regrant', 'Esta', 'Gabcube', 141, 28659, 'noimage.jpg', 'libero nam dui proin leo odio porttitor id consequat in', '2021-08-25 00:00:00', '2021-09-23 00:00:00', '품절'),
	(966, '659647492-5', '소설', 'Toughjoyfax', 'Harriett', 'Gabtype', 403, 23193, 'noimage.jpg', 'auctor gravida sem praesent id massa id nisl venenatis lacinia aenean sit amet justo morbi', '2021-02-20 00:00:00', '2021-09-23 00:00:00', '절판'),
	(967, '057945121-6', '경제', 'Daltfresh', 'Clarence', 'Aimbu', 249, 26901, 'noimage.jpg', 'nisl aenean lectus pellentesque eget nunc donec quis orci eget orci vehicula condimentum curabitur in libero ut massa', '2020-11-13 00:00:00', '2021-09-23 00:00:00', '품절'),
	(968, '524421654-6', '여행', 'Wrapsafe', 'Kristian', 'Tazz', 464, 14001, 'noimage.jpg', 'eu tincidunt in leo maecenas pulvinar lobortis est phasellus sit amet erat nulla tempus vivamus in', '2020-09-30 00:00:00', '2021-09-23 00:00:00', '품절'),
	(969, '963814748-2', '외국어', 'Zontrax', 'Carolee', 'Wikizz', 478, 26275, 'noimage.jpg', 'maecenas pulvinar lobortis est phasellus sit amet erat nulla tempus', '2021-01-06 00:00:00', '2021-09-23 00:00:00', '절판'),
	(970, '946336148-0', '만화', 'Viva', 'Roby', 'Flipstorm', 254, 22767, 'noimage.jpg', 'ut erat id mauris vulputate elementum nullam varius nulla facilisi cras non velit nec nisi vulputate nonummy maecenas tincidunt', '2021-02-11 00:00:00', '2021-09-23 00:00:00', '절판'),
	(971, '946782923-1', '여행', 'Span', 'Lorie', 'Skippad', 511, 28167, 'noimage.jpg', 'lectus suspendisse potenti in eleifend quam a odio in hac habitasse', '2021-05-24 00:00:00', '2021-09-23 00:00:00', '판매중'),
	(972, '219016612-8', '경제', 'Sub-Ex', 'Arabele', 'Voomm', 474, 13632, 'noimage.jpg', 'nec dui luctus rutrum nulla tellus in sagittis dui vel', '2021-03-29 00:00:00', '2021-09-23 00:00:00', '구편절판'),
	(973, '964765518-5', '외국어', 'It', 'Jere', 'Meevee', 860, 7121, 'noimage.jpg', 'turpis enim blandit mi in porttitor pede justo eu massa donec dapibus duis at velit eu est congue', '2020-10-03 00:00:00', '2021-09-23 00:00:00', '판매중'),
	(974, '456285257-7', '경제', 'Viva', 'Cassy', 'Realbuzz', 300, 5145, 'noimage.jpg', 'sed vel enim sit amet nunc viverra dapibus nulla suscipit ligula in lacus curabitur at ipsum ac', '2021-01-13 00:00:00', '2021-09-23 00:00:00', '절판'),
	(975, '290316125-9', '여행', 'Tresom', 'Allissa', 'Yamia', 436, 15573, 'noimage.jpg', 'praesent blandit lacinia erat vestibulum sed magna at nunc commodo placerat praesent', '2021-03-22 00:00:00', '2021-09-23 00:00:00', '절판'),
	(976, '229154339-3', '여행', 'Konklux', 'Mattie', 'Skyndu', 712, 18928, 'noimage.jpg', 'aenean auctor gravida sem praesent id massa id nisl venenatis', '2020-12-23 00:00:00', '2021-09-23 00:00:00', '판매중'),
	(977, '117642457-2', '소설', 'Lotstring', 'Maxie', 'Rhyloo', 607, 13070, 'noimage.jpg', 'molestie lorem quisque ut erat curabitur gravida nisi at nibh in hac habitasse', '2021-01-25 00:00:00', '2021-09-23 00:00:00', '판매중'),
	(978, '992635469-6', '외국어', 'Ventosanzap', 'Dorisa', 'Thoughtsphere', 395, 7557, 'noimage.jpg', 'hac habitasse platea dictumst aliquam augue quam sollicitudin vitae consectetuer eget rutrum at', '2020-11-22 00:00:00', '2021-09-23 00:00:00', '구편절판'),
	(979, '574343047-0', '외국어', 'Otcom', 'Saxe', 'Brainbox', 122, 24129, 'noimage.jpg', 'proin risus praesent lectus vestibulum quam sapien varius ut blandit non interdum in ante vestibulum ante ipsum primis in faucibus', '2021-02-19 00:00:00', '2021-09-23 00:00:00', '품절'),
	(980, '382333452-2', '소설', 'Zontrax', 'Kordula', 'Realcube', 251, 19631, 'noimage.jpg', 'eros suspendisse accumsan tortor quis turpis sed ante vivamus tortor duis mattis egestas metus aenean', '2021-04-23 00:00:00', '2021-09-23 00:00:00', '판매중'),
	(981, '933350232-7', '여행', 'Rank', 'Lenette', 'Flipopia', 998, 25542, 'noimage.jpg', 'at vulputate vitae nisl aenean lectus pellentesque eget nunc donec quis orci eget orci vehicula condimentum', '2021-05-28 00:00:00', '2021-09-23 00:00:00', '품절'),
	(982, '230636445-1', '소설', 'Redhold', 'Abigale', 'Dabjam', 618, 13542, 'noimage.jpg', 'turpis enim blandit mi in porttitor pede justo eu massa donec', '2021-04-04 00:00:00', '2021-09-23 00:00:00', '품절'),
	(983, '146571732-3', '만화', 'Sub-Ex', 'Collette', 'Babblestorm', 267, 28813, 'noimage.jpg', 'odio consequat varius integer ac leo pellentesque ultrices mattis odio donec vitae', '2021-06-24 00:00:00', '2021-09-23 00:00:00', '품절'),
	(984, '370009891-X', '만화', 'Voyatouch', 'Violetta', 'Avavee', 771, 25250, 'noimage.jpg', 'pellentesque ultrices phasellus id sapien in sapien iaculis congue vivamus metus arcu adipiscing molestie hendrerit', '2020-12-30 00:00:00', '2021-09-23 00:00:00', '판매중'),
	(985, '813588585-7', '외국어', 'Tres-Zap', 'Brendin', 'Kwideo', 843, 6462, 'noimage.jpg', 'mollis molestie lorem quisque ut erat curabitur gravida nisi at nibh in', '2020-11-02 00:00:00', '2021-09-23 00:00:00', '구편절판'),
	(986, '641447549-1', '경제', 'Overhold', 'Amalita', 'Feedfire', 771, 17450, 'noimage.jpg', 'dolor sit amet consectetuer adipiscing elit proin risus praesent lectus vestibulum', '2021-06-02 00:00:00', '2021-09-23 00:00:00', '품절'),
	(987, '456315207-2', '만화', 'Matsoft', 'Meryl', 'Lazzy', 288, 21244, 'noimage.jpg', 'accumsan odio curabitur convallis duis consequat dui nec nisi volutpat eleifend donec', '2021-01-10 00:00:00', '2021-09-23 00:00:00', '구편절판'),
	(988, '277582196-0', '소설', 'Asoka', 'Etheline', 'Tambee', 311, 19637, 'noimage.jpg', 'magna ac consequat metus sapien ut nunc vestibulum ante ipsum primis in faucibus orci luctus et', '2021-01-29 00:00:00', '2021-09-23 00:00:00', '판매중'),
	(989, '325402639-X', '여행', 'Bamity', 'Trista', 'Babbleset', 913, 27731, 'noimage.jpg', 'at velit vivamus vel nulla eget eros elementum pellentesque quisque porta volutpat erat quisque erat eros viverra eget', '2020-12-16 00:00:00', '2021-09-23 00:00:00', '절판'),
	(990, '241922990-8', '경제', 'Sonair', 'Clementina', 'Photobug', 957, 7958, 'noimage.jpg', 'amet diam in magna bibendum imperdiet nullam orci pede venenatis non sodales sed tincidunt eu felis fusce posuere felis', '2021-04-17 00:00:00', '2021-09-23 00:00:00', '판매중'),
	(991, '189930967-5', '소설', 'Job', 'Lorri', 'Twitterwire', 350, 29394, 'noimage.jpg', 'nunc viverra dapibus nulla suscipit ligula in lacus curabitur at ipsum ac tellus semper interdum mauris', '2020-10-10 00:00:00', '2021-09-23 00:00:00', '절판'),
	(992, '862345914-8', '만화', 'Lotlux', 'Artemis', 'Fivechat', 137, 14084, 'noimage.jpg', 'risus dapibus augue vel accumsan tellus nisi eu orci mauris lacinia sapien quis libero nullam sit amet turpis elementum ligula', '2021-09-09 00:00:00', '2021-09-23 00:00:00', '절판'),
	(993, '853314085-1', '만화', 'Fix San', 'Claudianus', 'Edgeify', 883, 15149, 'noimage.jpg', 'eleifend donec ut dolor morbi vel lectus in quam fringilla rhoncus mauris', '2021-01-20 00:00:00', '2021-09-23 00:00:00', '판매중'),
	(994, '448866788-0', '여행', 'Zaam-Dox', 'Gibby', 'Thoughtstorm', 317, 28767, 'noimage.jpg', 'primis in faucibus orci luctus et ultrices posuere cubilia curae donec pharetra magna vestibulum aliquet ultrices erat tortor sollicitudin mi', '2021-02-11 00:00:00', '2021-09-23 00:00:00', '구편절판'),
	(995, '474851268-7', '외국어', 'Vagram', 'Estell', 'Photofeed', 386, 22965, 'noimage.jpg', 'in ante vestibulum ante ipsum primis in faucibus orci luctus et ultrices posuere cubilia curae', '2020-10-11 00:00:00', '2021-09-23 00:00:00', '판매중'),
	(996, '839506897-2', '경제', 'Cardify', 'Indira', 'Jaxworks', 322, 14170, 'noimage.jpg', 'ante ipsum primis in faucibus orci luctus et ultrices posuere cubilia curae mauris viverra', '2020-11-09 00:00:00', '2021-09-23 00:00:00', '품절'),
	(997, '333640455-X', '외국어', 'Fix San', 'Merrill', 'Meejo', 391, 17706, 'noimage.jpg', 'libero ut massa volutpat convallis morbi odio odio elementum eu interdum eu tincidunt in leo maecenas pulvinar lobortis est', '2020-11-15 00:00:00', '2021-09-23 00:00:00', '품절'),
	(998, '016495630-1', '경제', 'Y-Solowarm', 'Maxy', 'Brainverse', 116, 5888, 'noimage.jpg', 'nonummy maecenas tincidunt lacus at velit vivamus vel nulla eget eros elementum pellentesque', '2021-04-14 00:00:00', '2021-09-23 00:00:00', '구편절판'),
	(999, '215857331-7', '소설', 'Bamity', 'Lukas', 'Jabberstorm', 945, 25432, 'noimage.jpg', 'vivamus in felis eu sapien cursus vestibulum proin eu mi', '2021-07-22 00:00:00', '2021-09-23 00:00:00', '판매중'),
	(1000, '716029206-5', '여행', 'Holdlamis', 'Arnoldo', 'Thoughtblab', 251, 7934, 'noimage.jpg', 'ac consequat metus sapien ut nunc vestibulum ante ipsum primis in faucibus orci', '2020-12-24 00:00:00', '2021-09-23 00:00:00', '판매중');
/*!40000 ALTER TABLE `ebook` ENABLE KEYS */;

-- 테이블 shop.member 구조 내보내기
DROP TABLE IF EXISTS `member`;
CREATE TABLE IF NOT EXISTS `member` (
  `member_no` int(11) NOT NULL AUTO_INCREMENT,
  `member_id` varchar(50) NOT NULL,
  `member_pw` varchar(200) NOT NULL,
  `member_level` int(11) NOT NULL,
  `member_name` varchar(200) NOT NULL,
  `member_age` int(11) NOT NULL,
  `member_gender` enum('남','여') NOT NULL,
  `update_date` datetime NOT NULL,
  `create_date` datetime NOT NULL,
  PRIMARY KEY (`member_no`),
  UNIQUE KEY `member_id` (`member_id`)
) ENGINE=InnoDB AUTO_INCREMENT=111 DEFAULT CHARSET=utf8mb3;

-- 테이블 데이터 shop.member:~101 rows (대략적) 내보내기
DELETE FROM `member`;
/*!40000 ALTER TABLE `member` DISABLE KEYS */;
INSERT INTO `member` (`member_no`, `member_id`, `member_pw`, `member_level`, `member_name`, `member_age`, `member_gender`, `update_date`, `create_date`) VALUES
	(1, 'admin', '*A4B6157319038724E3560894F7F932C8886EBFCF', 1, '관리자', 30, '남', '2021-09-14 16:46:47', '2021-09-14 16:46:47'),
	(3, 'bb', '*A4B6157319038724E3560894F7F932C8886EBFCF', 0, 'masterB', 25, '여', '2021-09-14 16:58:30', '2021-09-14 16:58:30'),
	(4, 'cc', '*A4B6157319038724E3560894F7F932C8886EBFCF', 0, 'masterC', 33, '남', '2021-09-14 17:15:50', '2021-09-14 17:15:50'),
	(5, 'goodee', '*A4B6157319038724E3560894F7F932C8886EBFCF', 1, '구디', 10, '여', '2021-09-15 00:00:00', '2021-09-15 00:00:00'),
	(6, '722265453-4', '*A4B6157319038724E3560894F7F932C8886EBFCF', 0, 'Osborne', 30, '여', '2021-09-15 00:00:00', '2021-09-15 00:00:00'),
	(7, '486768742-1', '*A4B6157319038724E3560894F7F932C8886EBFCF', 0, 'Claribel', 43, '여', '2021-09-15 00:00:00', '2021-09-15 00:00:00'),
	(9, '926991441-0', '*A4B6157319038724E3560894F7F932C8886EBFCF', 0, 'Cayla', 69, '여', '2021-09-15 00:00:00', '2021-09-15 00:00:00'),
	(10, '316036700-2', '*A4B6157319038724E3560894F7F932C8886EBFCF', 0, 'Calv', 80, '여', '2021-09-15 00:00:00', '2021-09-15 00:00:00'),
	(11, '041391929-3', '*A4B6157319038724E3560894F7F932C8886EBFCF', 0, 'Katharina', 69, '여', '2021-09-15 00:00:00', '2021-09-15 00:00:00'),
	(13, '241752604-2', '*A4B6157319038724E3560894F7F932C8886EBFCF', 0, 'Bren', 27, '여', '2021-09-15 00:00:00', '2021-09-15 00:00:00'),
	(19, '945991785-2', '*A4B6157319038724E3560894F7F932C8886EBFCF', 0, 'Sheree', 94, '여', '2021-09-15 00:00:00', '2021-09-15 00:00:00'),
	(20, '176829010-5', '*A4B6157319038724E3560894F7F932C8886EBFCF', 0, 'Mildred', 21, '여', '2021-09-15 00:00:00', '2021-09-15 00:00:00'),
	(21, '337035964-2', '*A4B6157319038724E3560894F7F932C8886EBFCF', 0, 'Leupold', 40, '남', '2021-09-15 00:00:00', '2021-09-15 00:00:00'),
	(22, '082161498-3', '*A4B6157319038724E3560894F7F932C8886EBFCF', 0, 'Sonny', 15, '여', '2021-09-15 00:00:00', '2021-09-15 00:00:00'),
	(23, '567175503-4', '*A4B6157319038724E3560894F7F932C8886EBFCF', 0, 'Wilmer', 87, '여', '2021-09-15 00:00:00', '2021-09-15 00:00:00'),
	(24, '377010182-0', '*A4B6157319038724E3560894F7F932C8886EBFCF', 0, 'Martha', 10, '여', '2021-09-15 00:00:00', '2021-09-15 00:00:00'),
	(25, '638459382-3', '*A4B6157319038724E3560894F7F932C8886EBFCF', 0, 'Salvatore', 58, '남', '2021-09-15 00:00:00', '2021-09-15 00:00:00'),
	(26, '812902958-8', '*A4B6157319038724E3560894F7F932C8886EBFCF', 0, 'Flossie', 81, '여', '2021-09-15 00:00:00', '2021-09-15 00:00:00'),
	(27, '878634066-2', '*A4B6157319038724E3560894F7F932C8886EBFCF', 0, 'Malchy', 27, '여', '2021-09-15 00:00:00', '2021-09-15 00:00:00'),
	(28, '119001358-4', '*A4B6157319038724E3560894F7F932C8886EBFCF', 0, 'Corliss', 71, '여', '2021-09-15 00:00:00', '2021-09-15 00:00:00'),
	(29, '358871516-9', '*A4B6157319038724E3560894F7F932C8886EBFCF', 0, 'Tammy', 41, '여', '2021-09-15 00:00:00', '2021-09-15 00:00:00'),
	(30, '729299965-4', '*A4B6157319038724E3560894F7F932C8886EBFCF', 0, 'Silvie', 65, '여', '2021-09-15 00:00:00', '2021-09-15 00:00:00'),
	(31, '361369803-X', '*A4B6157319038724E3560894F7F932C8886EBFCF', 0, 'Rina', 39, '남', '2021-09-15 00:00:00', '2021-09-15 00:00:00'),
	(32, '118011887-1', '*A4B6157319038724E3560894F7F932C8886EBFCF', 0, 'Alejandro', 43, '여', '2021-09-15 00:00:00', '2021-09-15 00:00:00'),
	(33, '892481753-1', '*A4B6157319038724E3560894F7F932C8886EBFCF', 0, 'Rusty', 70, '남', '2021-09-15 00:00:00', '2021-09-15 00:00:00'),
	(34, '026428638-3', '*A4B6157319038724E3560894F7F932C8886EBFCF', 0, 'Calypso', 56, '여', '2021-09-15 00:00:00', '2021-09-15 00:00:00'),
	(35, '662244926-0', '*A4B6157319038724E3560894F7F932C8886EBFCF', 0, 'Pryce', 63, '여', '2021-09-15 00:00:00', '2021-09-15 00:00:00'),
	(36, '427673788-5', '*A4B6157319038724E3560894F7F932C8886EBFCF', 0, 'Sibel', 91, '남', '2021-09-15 00:00:00', '2021-09-15 00:00:00'),
	(37, '177779442-0', '*A4B6157319038724E3560894F7F932C8886EBFCF', 0, 'Addie', 54, '남', '2021-09-15 00:00:00', '2021-09-15 00:00:00'),
	(38, '277354540-0', '*A4B6157319038724E3560894F7F932C8886EBFCF', 0, 'Hillier', 97, '여', '2021-09-15 00:00:00', '2021-09-15 00:00:00'),
	(39, '106617429-6', '*A4B6157319038724E3560894F7F932C8886EBFCF', 0, 'Timofei', 22, '여', '2021-09-15 00:00:00', '2021-09-15 00:00:00'),
	(40, '329226258-5', '*A4B6157319038724E3560894F7F932C8886EBFCF', 0, 'Bonita', 58, '남', '2021-09-15 00:00:00', '2021-09-15 00:00:00'),
	(41, '954728274-3', '*A4B6157319038724E3560894F7F932C8886EBFCF', 0, 'Allin', 47, '여', '2021-09-15 00:00:00', '2021-09-15 00:00:00'),
	(42, '045474387-4', '*A4B6157319038724E3560894F7F932C8886EBFCF', 0, 'Rachele', 89, '여', '2021-09-15 00:00:00', '2021-09-15 00:00:00'),
	(43, '042997909-6', '*A4B6157319038724E3560894F7F932C8886EBFCF', 0, 'Barr', 29, '여', '2021-09-15 00:00:00', '2021-09-15 00:00:00'),
	(44, '877570071-9', '*A4B6157319038724E3560894F7F932C8886EBFCF', 0, 'Geri', 15, '남', '2021-09-15 00:00:00', '2021-09-15 00:00:00'),
	(45, '097385429-4', '*A4B6157319038724E3560894F7F932C8886EBFCF', 0, 'Gloriane', 55, '여', '2021-09-15 00:00:00', '2021-09-15 00:00:00'),
	(46, '051506997-3', '*A4B6157319038724E3560894F7F932C8886EBFCF', 0, 'Borden', 27, '남', '2021-09-15 00:00:00', '2021-09-15 00:00:00'),
	(47, '724038365-2', '*A4B6157319038724E3560894F7F932C8886EBFCF', 0, 'Hartley', 54, '여', '2021-09-15 00:00:00', '2021-09-15 00:00:00'),
	(48, '158387447-X', '*A4B6157319038724E3560894F7F932C8886EBFCF', 0, 'Mariellen', 82, '남', '2021-09-15 00:00:00', '2021-09-15 00:00:00'),
	(49, '081307757-5', '*A4B6157319038724E3560894F7F932C8886EBFCF', 0, 'Tani', 30, '남', '2021-09-15 00:00:00', '2021-09-15 00:00:00'),
	(50, '325549254-8', '*A4B6157319038724E3560894F7F932C8886EBFCF', 0, 'Carlee', 94, '남', '2021-09-15 00:00:00', '2021-09-15 00:00:00'),
	(51, '846132206-1', '*A4B6157319038724E3560894F7F932C8886EBFCF', 0, 'Min', 100, '남', '2021-09-15 00:00:00', '2021-09-15 00:00:00'),
	(52, '488263572-0', '*A4B6157319038724E3560894F7F932C8886EBFCF', 0, 'Herman', 39, '남', '2021-09-15 00:00:00', '2021-09-15 00:00:00'),
	(53, '126989126-X', '*A4B6157319038724E3560894F7F932C8886EBFCF', 0, 'Axe', 87, '여', '2021-09-15 00:00:00', '2021-09-15 00:00:00'),
	(54, '509716805-4', '*A4B6157319038724E3560894F7F932C8886EBFCF', 0, 'Carree', 18, '남', '2021-09-15 00:00:00', '2021-09-15 00:00:00'),
	(55, '807739716-6', '*A4B6157319038724E3560894F7F932C8886EBFCF', 0, 'Abbe', 96, '여', '2021-09-15 00:00:00', '2021-09-15 00:00:00'),
	(56, '248136961-0', '*A4B6157319038724E3560894F7F932C8886EBFCF', 0, 'Erhard', 64, '여', '2021-09-15 00:00:00', '2021-09-15 00:00:00'),
	(57, '578449304-3', '*A4B6157319038724E3560894F7F932C8886EBFCF', 0, 'Patten', 26, '남', '2021-09-15 00:00:00', '2021-09-15 00:00:00'),
	(58, '729550620-9', '*A4B6157319038724E3560894F7F932C8886EBFCF', 0, 'Hugues', 17, '여', '2021-09-15 00:00:00', '2021-09-15 00:00:00'),
	(59, '423628502-9', '*A4B6157319038724E3560894F7F932C8886EBFCF', 0, 'Dasya', 84, '남', '2021-09-15 00:00:00', '2021-09-15 00:00:00'),
	(60, '716788367-0', '*A4B6157319038724E3560894F7F932C8886EBFCF', 0, 'Lea', 92, '여', '2021-09-15 00:00:00', '2021-09-15 00:00:00'),
	(61, '802490100-5', '*A4B6157319038724E3560894F7F932C8886EBFCF', 0, 'Jodie', 79, '남', '2021-09-15 00:00:00', '2021-09-15 00:00:00'),
	(62, '034763731-0', '*A4B6157319038724E3560894F7F932C8886EBFCF', 0, 'Cloris', 83, '여', '2021-09-15 00:00:00', '2021-09-15 00:00:00'),
	(63, '345908468-5', '*A4B6157319038724E3560894F7F932C8886EBFCF', 0, 'Sax', 11, '여', '2021-09-15 00:00:00', '2021-09-15 00:00:00'),
	(64, '711740702-6', '*A4B6157319038724E3560894F7F932C8886EBFCF', 0, 'Norbert', 48, '남', '2021-09-15 00:00:00', '2021-09-15 00:00:00'),
	(65, '128195675-9', '*A4B6157319038724E3560894F7F932C8886EBFCF', 0, 'Waly', 57, '여', '2021-09-15 00:00:00', '2021-09-15 00:00:00'),
	(66, '724143012-3', '*A4B6157319038724E3560894F7F932C8886EBFCF', 0, 'Elladine', 65, '남', '2021-09-15 00:00:00', '2021-09-15 00:00:00'),
	(67, '242514535-4', '*A4B6157319038724E3560894F7F932C8886EBFCF', 0, 'Jillayne', 80, '여', '2021-09-15 00:00:00', '2021-09-15 00:00:00'),
	(68, '877481087-1', '*A4B6157319038724E3560894F7F932C8886EBFCF', 0, 'Merlina', 14, '남', '2021-09-15 00:00:00', '2021-09-15 00:00:00'),
	(69, '671712959-X', '*A4B6157319038724E3560894F7F932C8886EBFCF', 0, 'Thain', 68, '남', '2021-09-15 00:00:00', '2021-09-15 00:00:00'),
	(70, '410301528-4', '*A4B6157319038724E3560894F7F932C8886EBFCF', 0, 'Raymond', 16, '남', '2021-09-15 00:00:00', '2021-09-15 00:00:00'),
	(71, '880163261-4', '*A4B6157319038724E3560894F7F932C8886EBFCF', 0, 'Sherye', 18, '여', '2021-09-15 00:00:00', '2021-09-15 00:00:00'),
	(72, '211300578-6', '*A4B6157319038724E3560894F7F932C8886EBFCF', 0, 'Karie', 96, '남', '2021-09-15 00:00:00', '2021-09-15 00:00:00'),
	(73, '207085766-2', '*A4B6157319038724E3560894F7F932C8886EBFCF', 0, 'Gabriello', 38, '남', '2021-09-15 00:00:00', '2021-09-15 00:00:00'),
	(74, '914189339-5', '*A4B6157319038724E3560894F7F932C8886EBFCF', 0, 'Nikolas', 57, '남', '2021-09-15 00:00:00', '2021-09-15 00:00:00'),
	(75, '745422799-6', '*A4B6157319038724E3560894F7F932C8886EBFCF', 0, 'Rivkah', 35, '남', '2021-09-15 00:00:00', '2021-09-15 00:00:00'),
	(76, '297715044-7', '*A4B6157319038724E3560894F7F932C8886EBFCF', 0, 'Pearl', 38, '남', '2021-09-15 00:00:00', '2021-09-15 00:00:00'),
	(77, '563816083-3', '*A4B6157319038724E3560894F7F932C8886EBFCF', 0, 'Hashim', 97, '남', '2021-09-15 00:00:00', '2021-09-15 00:00:00'),
	(78, '521876938-X', '*A4B6157319038724E3560894F7F932C8886EBFCF', 0, 'Irene', 53, '여', '2021-09-15 00:00:00', '2021-09-15 00:00:00'),
	(79, '376919817-4', '*A4B6157319038724E3560894F7F932C8886EBFCF', 0, 'Giacopo', 100, '남', '2021-09-15 00:00:00', '2021-09-15 00:00:00'),
	(80, '634280165-7', '*A4B6157319038724E3560894F7F932C8886EBFCF', 0, 'Elsie', 49, '남', '2021-09-15 00:00:00', '2021-09-15 00:00:00'),
	(81, '687411905-2', '*A4B6157319038724E3560894F7F932C8886EBFCF', 0, 'Neysa', 73, '여', '2021-09-15 00:00:00', '2021-09-15 00:00:00'),
	(82, '063384964-2', '*A4B6157319038724E3560894F7F932C8886EBFCF', 0, 'Northrup', 96, '여', '2021-09-15 00:00:00', '2021-09-15 00:00:00'),
	(83, '310453037-8', '*A4B6157319038724E3560894F7F932C8886EBFCF', 0, 'Thomasine', 25, '여', '2021-09-15 00:00:00', '2021-09-15 00:00:00'),
	(84, '678001660-8', '*A4B6157319038724E3560894F7F932C8886EBFCF', 0, 'Odo', 39, '여', '2021-09-15 00:00:00', '2021-09-15 00:00:00'),
	(85, '147057109-9', '*A4B6157319038724E3560894F7F932C8886EBFCF', 0, 'Adrian', 18, '남', '2021-09-15 00:00:00', '2021-09-15 00:00:00'),
	(86, '050181856-1', '*A4B6157319038724E3560894F7F932C8886EBFCF', 0, 'Cornela', 87, '남', '2021-09-15 00:00:00', '2021-09-15 00:00:00'),
	(87, '297049542-2', '*A4B6157319038724E3560894F7F932C8886EBFCF', 0, 'Elie', 77, '남', '2021-09-15 00:00:00', '2021-09-15 00:00:00'),
	(88, '316155023-4', '*A4B6157319038724E3560894F7F932C8886EBFCF', 0, 'Care', 46, '여', '2021-09-15 00:00:00', '2021-09-15 00:00:00'),
	(89, '413773210-8', '*A4B6157319038724E3560894F7F932C8886EBFCF', 0, 'Jaime', 73, '여', '2021-09-15 00:00:00', '2021-09-15 00:00:00'),
	(90, '446758454-4', '*A4B6157319038724E3560894F7F932C8886EBFCF', 0, 'Priscella', 54, '남', '2021-09-15 00:00:00', '2021-09-15 00:00:00'),
	(91, '157948128-0', '*A4B6157319038724E3560894F7F932C8886EBFCF', 0, 'Timmie', 39, '여', '2021-09-15 00:00:00', '2021-09-15 00:00:00'),
	(92, '741700108-4', '*A4B6157319038724E3560894F7F932C8886EBFCF', 0, 'Letty', 60, '남', '2021-09-15 00:00:00', '2021-09-15 00:00:00'),
	(93, '234670518-7', '*A4B6157319038724E3560894F7F932C8886EBFCF', 0, 'Brian', 17, '여', '2021-09-15 00:00:00', '2021-09-15 00:00:00'),
	(94, '719178387-7', '*A4B6157319038724E3560894F7F932C8886EBFCF', 0, 'Ariana', 40, '여', '2021-09-15 00:00:00', '2021-09-15 00:00:00'),
	(95, '853838149-0', '*A4B6157319038724E3560894F7F932C8886EBFCF', 0, 'Warren', 89, '남', '2021-09-15 00:00:00', '2021-09-15 00:00:00'),
	(96, '308824372-1', '*A4B6157319038724E3560894F7F932C8886EBFCF', 0, 'Shep', 74, '여', '2021-09-15 00:00:00', '2021-09-15 00:00:00'),
	(97, '651266878-2', '*A4B6157319038724E3560894F7F932C8886EBFCF', 0, 'Raynor', 40, '남', '2021-09-15 00:00:00', '2021-09-15 00:00:00'),
	(98, '816704924-8', '*A4B6157319038724E3560894F7F932C8886EBFCF', 0, 'Fleming', 85, '여', '2021-09-15 00:00:00', '2021-09-15 00:00:00'),
	(99, '747033370-3', '*A4B6157319038724E3560894F7F932C8886EBFCF', 0, 'Julio', 69, '남', '2021-09-15 00:00:00', '2021-09-15 00:00:00'),
	(100, '647142606-2', '*A4B6157319038724E3560894F7F932C8886EBFCF', 0, 'Bayard', 33, '남', '2021-09-15 00:00:00', '2021-09-15 00:00:00'),
	(101, '915933498-3', '*A4B6157319038724E3560894F7F932C8886EBFCF', 0, 'Killian', 35, '남', '2021-09-15 00:00:00', '2021-09-15 00:00:00'),
	(102, '969830957-8', '*A4B6157319038724E3560894F7F932C8886EBFCF', 0, 'Francesco', 94, '남', '2021-09-15 00:00:00', '2021-09-15 00:00:00'),
	(103, '460222019-3', '*A4B6157319038724E3560894F7F932C8886EBFCF', 0, 'Shandee', 55, '남', '2021-09-15 00:00:00', '2021-09-15 00:00:00'),
	(104, '988742243-6', '*A4B6157319038724E3560894F7F932C8886EBFCF', 0, 'Gene', 55, '남', '2021-09-15 00:00:00', '2021-09-15 00:00:00'),
	(106, 'admin2', '*A4B6157319038724E3560894F7F932C8886EBFCF', 1, '관리자2', 1555, '남', '2021-09-16 16:07:53', '2021-09-16 16:07:53'),
	(107, 'admin3', '*A4B6157319038724E3560894F7F932C8886EBFCF', 1, '관리자3', 18, '남', '2021-09-17 17:20:25', '2021-09-17 17:20:25'),
	(108, 'asd', '*A4B6157319038724E3560894F7F932C8886EBFCF', 0, 'asd', 13, '남', '2021-09-27 14:44:52', '2021-09-27 14:44:52'),
	(109, 'ads', '*A4B6157319038724E3560894F7F932C8886EBFCF', 1, '쩝쩝이', 15, '남', '2021-09-28 17:38:37', '2021-09-28 17:38:37'),
	(110, 'pig', '*A4B6157319038724E3560894F7F932C8886EBFCF', 0, '돼지', 18, '여', '2021-09-30 16:34:39', '2021-09-30 16:34:39');
/*!40000 ALTER TABLE `member` ENABLE KEYS */;

-- 테이블 shop.notice 구조 내보내기
DROP TABLE IF EXISTS `notice`;
CREATE TABLE IF NOT EXISTS `notice` (
  `notice_no` int(11) NOT NULL AUTO_INCREMENT,
  `notice_title` varchar(50) NOT NULL,
  `notice_content` text NOT NULL,
  `member_no` int(11) NOT NULL,
  `member_name` varchar(50) NOT NULL,
  `create_date` datetime NOT NULL,
  `update_date` datetime NOT NULL,
  PRIMARY KEY (`notice_no`)
) ENGINE=InnoDB AUTO_INCREMENT=13 DEFAULT CHARSET=utf8mb3;

-- 테이블 데이터 shop.notice:~11 rows (대략적) 내보내기
DELETE FROM `notice`;
/*!40000 ALTER TABLE `notice` DISABLE KEYS */;
INSERT INTO `notice` (`notice_no`, `notice_title`, `notice_content`, `member_no`, `member_name`, `create_date`, `update_date`) VALUES
	(1, '수정', '안녕하세요', 1, '관리자', '2021-09-29 11:51:13', '2021-09-29 14:17:22'),
	(3, '공지합니다', '공지', 1, '관리자', '2021-09-29 14:21:31', '2021-09-29 14:21:31'),
	(4, '공지!', '123', 1, '관리자', '2021-09-30 10:26:52', '2021-09-30 10:26:53'),
	(5, '공지5', '123', 1, '관리자', '2021-09-30 10:27:07', '2021-09-30 10:27:07'),
	(6, '중요공지', 'ㅎㅇ', 1, '관리자', '2021-09-30 10:27:25', '2021-09-30 10:27:26'),
	(7, '신입회원분들께', 'ㅎㅇ', 1, '관리자', '2021-09-30 10:27:45', '2021-09-30 10:27:46'),
	(8, '읽어주세요', 'ㅎㅇㅎㅇㅎㅇ', 1, '관리자', '2021-09-30 10:28:05', '2021-09-30 10:27:51'),
	(9, '환영인사', 'ㅎㅇㅎㅇ', 1, '관리자', '2021-09-30 10:28:41', '2021-09-30 10:28:43'),
	(10, '10번공지', 'ㅎㅇ', 1, '관리자', '2021-09-30 10:28:58', '2021-09-30 10:28:59'),
	(11, '힘들다', 'ㅎㅇ', 1, '관리자', '2021-09-30 10:29:17', '2021-09-30 10:29:17'),
	(12, '화이팅', '화이팅', 1, '관리자', '2021-09-30 10:39:03', '2021-09-30 10:39:03');
/*!40000 ALTER TABLE `notice` ENABLE KEYS */;

-- 테이블 shop.orders 구조 내보내기
DROP TABLE IF EXISTS `orders`;
CREATE TABLE IF NOT EXISTS `orders` (
  `order_no` int(11) NOT NULL AUTO_INCREMENT,
  `ebook_no` int(11) NOT NULL,
  `member_no` int(11) NOT NULL,
  `order_price` int(11) NOT NULL,
  `create_date` datetime NOT NULL,
  `update_date` datetime NOT NULL,
  PRIMARY KEY (`order_no`),
  KEY `FK_orders_member` (`member_no`),
  KEY `FK_orders_ebook` (`ebook_no`)
) ENGINE=InnoDB AUTO_INCREMENT=64 DEFAULT CHARSET=utf8mb3;

-- 테이블 데이터 shop.orders:~62 rows (대략적) 내보내기
DELETE FROM `orders`;
/*!40000 ALTER TABLE `orders` DISABLE KEYS */;
INSERT INTO `orders` (`order_no`, `ebook_no`, `member_no`, `order_price`, `create_date`, `update_date`) VALUES
	(1, 9, 7, 1000, '2021-09-24 13:51:38', '2021-09-24 13:51:38'),
	(2, 1, 8, 1000, '2021-09-24 00:00:00', '2021-09-24 00:00:00'),
	(3, 3, 6, 1000, '2021-09-24 00:00:00', '2021-09-24 00:00:00'),
	(4, 10, 6, 1000, '2021-09-24 00:00:00', '2021-09-24 00:00:00'),
	(5, 6, 8, 1000, '2021-09-24 00:00:00', '2021-09-24 00:00:00'),
	(6, 8, 6, 1000, '2021-09-24 00:00:00', '2021-09-24 00:00:00'),
	(7, 6, 9, 1000, '2021-09-24 00:00:00', '2021-09-24 00:00:00'),
	(8, 1, 5, 1000, '2021-09-24 00:00:00', '2021-09-24 00:00:00'),
	(9, 6, 8, 1000, '2021-09-24 00:00:00', '2021-09-24 00:00:00'),
	(10, 6, 7, 1000, '2021-09-24 00:00:00', '2021-09-24 00:00:00'),
	(11, 5, 5, 1000, '2021-09-24 00:00:00', '2021-09-24 00:00:00'),
	(12, 10, 6, 1000, '2021-09-24 00:00:00', '2021-09-24 00:00:00'),
	(13, 4, 6, 1000, '2021-09-24 00:00:00', '2021-09-24 00:00:00'),
	(14, 5, 7, 1000, '2021-09-24 00:00:00', '2021-09-24 00:00:00'),
	(15, 8, 9, 1000, '2021-09-24 00:00:00', '2021-09-24 00:00:00'),
	(16, 2, 8, 1000, '2021-09-24 00:00:00', '2021-09-24 00:00:00'),
	(17, 9, 6, 1000, '2021-09-24 00:00:00', '2021-09-24 00:00:00'),
	(18, 9, 9, 1000, '2021-09-24 00:00:00', '2021-09-24 00:00:00'),
	(19, 10, 5, 1000, '2021-09-24 00:00:00', '2021-09-24 00:00:00'),
	(20, 4, 7, 1000, '2021-09-24 00:00:00', '2021-09-24 00:00:00'),
	(21, 8, 8, 1000, '2021-09-24 00:00:00', '2021-09-24 00:00:00'),
	(22, 1, 5, 1000, '2021-09-24 00:00:00', '2021-09-24 00:00:00'),
	(23, 8, 7, 1000, '2021-09-24 00:00:00', '2021-09-24 00:00:00'),
	(24, 9, 8, 1000, '2021-09-24 00:00:00', '2021-09-24 00:00:00'),
	(25, 8, 8, 1000, '2021-09-24 00:00:00', '2021-09-24 00:00:00'),
	(26, 8, 6, 1000, '2021-09-24 00:00:00', '2021-09-24 00:00:00'),
	(27, 4, 8, 1000, '2021-09-24 00:00:00', '2021-09-24 00:00:00'),
	(28, 8, 9, 1000, '2021-09-24 00:00:00', '2021-09-24 00:00:00'),
	(29, 2, 5, 1000, '2021-09-24 00:00:00', '2021-09-24 00:00:00'),
	(30, 9, 8, 1000, '2021-09-24 00:00:00', '2021-09-24 00:00:00'),
	(31, 9, 8, 1000, '2021-09-24 00:00:00', '2021-09-24 00:00:00'),
	(32, 10, 7, 1000, '2021-09-24 00:00:00', '2021-09-24 00:00:00'),
	(33, 2, 9, 1000, '2021-09-24 00:00:00', '2021-09-24 00:00:00'),
	(34, 6, 7, 1000, '2021-09-24 00:00:00', '2021-09-24 00:00:00'),
	(35, 5, 9, 1000, '2021-09-24 00:00:00', '2021-09-24 00:00:00'),
	(36, 7, 9, 1000, '2021-09-24 00:00:00', '2021-09-24 00:00:00'),
	(37, 2, 5, 1000, '2021-09-24 00:00:00', '2021-09-24 00:00:00'),
	(38, 6, 6, 1000, '2021-09-24 00:00:00', '2021-09-24 00:00:00'),
	(39, 10, 5, 1000, '2021-09-24 00:00:00', '2021-09-24 00:00:00'),
	(40, 9, 9, 1000, '2021-09-24 00:00:00', '2021-09-24 00:00:00'),
	(41, 1, 7, 1000, '2021-09-24 00:00:00', '2021-09-24 00:00:00'),
	(42, 8, 6, 1000, '2021-09-24 00:00:00', '2021-09-24 00:00:00'),
	(43, 7, 9, 1000, '2021-09-24 00:00:00', '2021-09-24 00:00:00'),
	(44, 9, 8, 1000, '2021-09-24 00:00:00', '2021-09-24 00:00:00'),
	(45, 2, 8, 1000, '2021-09-24 00:00:00', '2021-09-24 00:00:00'),
	(46, 2, 5, 1000, '2021-09-24 00:00:00', '2021-09-24 00:00:00'),
	(47, 9, 6, 1000, '2021-09-24 00:00:00', '2021-09-24 00:00:00'),
	(48, 6, 6, 1000, '2021-09-24 00:00:00', '2021-09-24 00:00:00'),
	(49, 9, 5, 1000, '2021-09-24 00:00:00', '2021-09-24 00:00:00'),
	(50, 6, 6, 1000, '2021-09-24 00:00:00', '2021-09-24 00:00:00'),
	(51, 4, 5, 1000, '2021-09-24 00:00:00', '2021-09-24 00:00:00'),
	(52, 8, 5, 22033, '2021-09-28 15:25:15', '2021-09-28 15:25:15'),
	(53, 2, 10, 19000, '2021-09-28 15:56:22', '2021-09-28 15:56:23'),
	(54, 2, 13, 19900, '2021-09-28 15:56:36', '2021-09-28 15:56:37'),
	(55, 2, 1, 9270, '2021-09-28 16:20:24', '2021-09-28 16:20:24'),
	(56, 8, 1, 22033, '2021-09-28 16:40:18', '2021-09-28 16:40:18'),
	(57, 8, 1, 22033, '2021-09-30 16:32:49', '2021-09-30 16:32:49'),
	(58, 8, 1, 22033, '2021-10-06 16:59:50', '2021-10-06 16:59:50'),
	(59, 144, 1, 19153, '2021-10-06 16:59:56', '2021-10-06 16:59:56'),
	(60, 242, 1, 8375, '2021-10-06 17:00:01', '2021-10-06 17:00:01'),
	(61, 284, 1, 22294, '2021-10-06 18:03:33', '2021-10-06 18:03:33'),
	(62, 8, 1, 22033, '2021-10-07 17:36:59', '2021-10-07 17:36:59'),
	(63, 485, 1, 9931, '2021-10-08 16:51:11', '2021-10-08 16:51:11');
/*!40000 ALTER TABLE `orders` ENABLE KEYS */;

-- 테이블 shop.order_comment 구조 내보내기
DROP TABLE IF EXISTS `order_comment`;
CREATE TABLE IF NOT EXISTS `order_comment` (
  `order_no` int(11) NOT NULL,
  `ebook_no` int(11) NOT NULL,
  `order_score` int(11) NOT NULL,
  `order_comment_content` text NOT NULL,
  `create_date` datetime NOT NULL,
  `update_date` datetime NOT NULL,
  PRIMARY KEY (`order_no`)
) ENGINE=InnoDB DEFAULT CHARSET=utf8mb3;

-- 테이블 데이터 shop.order_comment:~8 rows (대략적) 내보내기
DELETE FROM `order_comment`;
/*!40000 ALTER TABLE `order_comment` DISABLE KEYS */;
INSERT INTO `order_comment` (`order_no`, `ebook_no`, `order_score`, `order_comment_content`, `create_date`, `update_date`) VALUES
	(8, 1, 8, '별로예요', '2021-09-27 18:37:09', '2021-09-27 18:37:09'),
	(22, 1, 10, '핵꿀잼', '2021-09-28 13:38:46', '2021-09-28 13:38:47'),
	(33, 2, 8, '쓰레기임', '2021-09-28 15:58:16', '2021-09-28 15:58:17'),
	(41, 1, 2, '이게뭐냐 발로썼냐', '2021-09-28 13:39:06', '2021-09-28 13:39:06'),
	(49, 9, 6, '그럭저럭', '2021-09-27 18:41:44', '2021-09-27 18:41:44'),
	(55, 2, 9, '후기믿지마셈', '2021-09-28 16:20:35', '2021-09-28 16:20:35'),
	(60, 242, 10, '만점', '2021-10-06 17:10:41', '2021-10-06 17:10:41'),
	(61, 284, 8, 'b', '2021-10-08 16:51:33', '2021-10-08 16:51:33'),
	(62, 8, 3, 'd', '2021-10-08 16:51:25', '2021-10-08 16:51:25'),
	(63, 485, 9, 'a', '2021-10-08 16:51:20', '2021-10-08 16:51:20'),
	(101, 2, 9, '읽을만하다', '2021-09-28 15:56:58', '2021-09-28 15:56:58');
/*!40000 ALTER TABLE `order_comment` ENABLE KEYS */;

-- 테이블 shop.qna 구조 내보내기
DROP TABLE IF EXISTS `qna`;
CREATE TABLE IF NOT EXISTS `qna` (
  `qna_no` int(11) NOT NULL AUTO_INCREMENT,
  `qna_category` enum('상품','회원','기타') NOT NULL,
  `qna_title` varchar(500) NOT NULL,
  `qna_content` text NOT NULL,
  `qna_secret` enum('Y','N') NOT NULL,
  `member_no` int(11) NOT NULL,
  `create_date` datetime NOT NULL,
  `update_date` datetime NOT NULL,
  PRIMARY KEY (`qna_no`)
) ENGINE=InnoDB AUTO_INCREMENT=8 DEFAULT CHARSET=utf8mb3;

-- 테이블 데이터 shop.qna:~6 rows (대략적) 내보내기
DELETE FROM `qna`;
/*!40000 ALTER TABLE `qna` DISABLE KEYS */;
INSERT INTO `qna` (`qna_no`, `qna_category`, `qna_title`, `qna_content`, `qna_secret`, `member_no`, `create_date`, `update_date`) VALUES
	(1, '상품', 'q1', 'q1', 'Y', 108, '2021-09-29 10:37:21', '2021-09-29 10:37:23'),
	(3, '상품', 'q3', 'q3', 'N', 109, '2021-09-29 10:38:16', '2021-09-29 10:38:16'),
	(4, '회원', 'q4', 'q4', 'N', 109, '2021-09-29 10:38:43', '2021-09-29 10:38:44'),
	(5, '회원', '회원관련 문의', '문의', 'Y', 5, '2021-09-29 15:44:33', '2021-09-29 15:44:33'),
	(6, '기타', '테스트', '테스트입니다', 'N', 1, '2021-09-30 11:39:42', '2021-09-30 11:39:42'),
	(7, '회원', '문의드립니다.', 'ㅇ', 'Y', 1, '2021-09-30 17:17:41', '2021-09-30 17:17:41');
/*!40000 ALTER TABLE `qna` ENABLE KEYS */;

-- 테이블 shop.qna_comment 구조 내보내기
DROP TABLE IF EXISTS `qna_comment`;
CREATE TABLE IF NOT EXISTS `qna_comment` (
  `qna_no` int(11) NOT NULL,
  `qna_comment_content` text NOT NULL,
  `member_no` int(11) NOT NULL,
  `create_date` datetime NOT NULL,
  `update_date` datetime NOT NULL,
  PRIMARY KEY (`qna_no`)
) ENGINE=InnoDB DEFAULT CHARSET=utf8mb3;

-- 테이블 데이터 shop.qna_comment:~5 rows (대략적) 내보내기
DELETE FROM `qna_comment`;
/*!40000 ALTER TABLE `qna_comment` DISABLE KEYS */;
INSERT INTO `qna_comment` (`qna_no`, `qna_comment_content`, `member_no`, `create_date`, `update_date`) VALUES
	(1, 'a1', 1, '2021-09-29 10:39:57', '2021-09-29 10:39:58'),
	(2, '넹', 108, '2021-09-29 18:06:02', '2021-09-29 18:06:02'),
	(3, 'a3', 1, '2021-09-29 10:40:14', '2021-09-29 10:40:14'),
	(4, '감사합니다 고객님', 109, '2021-10-06 18:05:56', '2021-10-06 18:05:56'),
	(5, '네', 5, '2021-09-29 17:04:25', '2021-09-29 17:04:25');
/*!40000 ALTER TABLE `qna_comment` ENABLE KEYS */;

/*!40101 SET SQL_MODE=IFNULL(@OLD_SQL_MODE, '') */;
/*!40014 SET FOREIGN_KEY_CHECKS=IFNULL(@OLD_FOREIGN_KEY_CHECKS, 1) */;
/*!40101 SET CHARACTER_SET_CLIENT=@OLD_CHARACTER_SET_CLIENT */;
/*!40111 SET SQL_NOTES=IFNULL(@OLD_SQL_NOTES, 1) */;
